"","key","country","site","cluster","plot","siteid","longitude","latitude","year","plotcultmgd","postoposeq","vegstructure","severeero","rdr50","trees","shrubs","cropland","forest","grassland","wooded_grassland","grasslandall","bushland","shrubland","wetland","dom_landuse"
"1","uuid:1fda87b7-607f-4826-8e16-8b7b7125194e","sri_lanka","kandy",1,1,"kandy_1_1",80.8061,7.3099,2024,1,"footslope","forest",0,0,1,1,0,1,0,0,0,0,0,0,"protected_area"
"2","uuid:0c35ccec-115e-411a-a072-ca3fb551221b","sri_lanka","kandy",1,3,"kandy_1_3",80.8021,7.31242,2024,0,"footslope","bushland",0,1,1,1,0,0,0,0,0,1,0,0,"other"
"3","uuid:285e4c57-17e8-4824-be75-64632e1edecb","sri_lanka","kandy",1,4,"kandy_1_4",80.8032,7.31536,2024,1,"midslope","woodland",1,1,1,1,0,0,0,0,0,0,0,0,"perennial_agroforestry"
"4","uuid:aff8a8d7-c955-4442-815f-f2e453ba02b3","sri_lanka","kandy",1,7,"kandy_1_7",80.8038,7.3176,2024,1,"midslope","woodland",1,0,1,1,0,0,0,0,0,0,0,0,"perennial_agroforestry"
"5","uuid:643bcd0f-a632-4d35-8aea-43601a283c50","sri_lanka","kandy",1,8,"kandy_1_8",80.8027,7.31357,2024,1,"midslope","cropland",0,0,0,0,1,0,0,0,0,0,0,0,"annual_crop"
"6","uuid:56e46d4c-0f01-4884-b515-7e6ecb93ddd9","sri_lanka","kandy",1,9,"kandy_1_9",80.8026,7.31241,2024,0,"footslope","forest",1,0,1,1,0,1,0,0,0,0,0,0,"protected_area"
"7","uuid:1de0f2cc-caf5-4baa-a97a-1ee5ee38df1b","sri_lanka","kandy",1,10,"kandy_1_10",80.8018,7.31081,2024,1,"midslope","cropland",0,0,0,0,1,0,0,0,0,0,0,0,"annual_crop"
"8","uuid:72b7d1dc-cb16-4281-9d8e-5833423391cc","sri_lanka","kandy",1,12,"kandy_1_12",80.8057,7.31083,2024,1,"midslope","woodland",1,1,1,1,0,0,0,0,0,0,0,0,"perennial_agroforestry"
"9","uuid:7a342db6-f23b-461a-8f0f-f5fd81abcceb","sri_lanka","kandy",1,13,"kandy_1_13",80.8055,7.3097,2024,1,"footslope","cropland",0,1,1,1,1,0,0,0,0,0,0,0,"annual_agroforestry"
"10","uuid:5099813e-a0b1-4f72-92aa-eddac6c8d71f","sri_lanka","kandy",1,14,"kandy_1_14",80.8022,7.31621,2024,1,"midslope","forest",1,0,1,1,0,1,0,0,0,0,0,0,"other"
"11","uuid:f9fddb2c-0c8a-46d0-8ad4-4bdb17102563","sri_lanka","kandy",2,2,"kandy_2_2",80.8078,7.33529,2024,1,"midslope","woodland",0,0,1,0,0,0,0,0,0,0,0,0,"woodlot"
"12","uuid:9133e0fa-365f-419f-8996-f91795630a09","sri_lanka","kandy",2,3,"kandy_2_3",80.8115,7.33864,2024,1,"midslope","shrubland",1,0,1,1,0,0,0,0,0,0,1,0,"perennial_crop"
"13","uuid:5cfc91f2-3255-46e4-8652-75c2eb43dbb3","sri_lanka","kandy",2,4,"kandy_2_4",80.8091,7.33624,2024,1,"midslope","woodland",1,0,1,0,0,0,0,0,0,0,0,0,"woodlot"
"14","uuid:8db3b433-c729-4a44-893a-7106cdd67804","sri_lanka","kandy",2,5,"kandy_2_5",80.8094,7.33931,2024,1,"midslope","shrubland",1,1,1,1,0,0,0,0,0,0,1,0,"perennial_crop"
"15","uuid:13c856ee-8665-41dc-8607-3a11a7960610","sri_lanka","kandy",2,6,"kandy_2_6",80.8114,7.33837,2024,1,"midslope","shrubland",1,1,1,1,0,0,0,0,0,0,1,0,"perennial_crop"
"16","uuid:c8c90467-74e9-455f-a407-37b962685cf6","sri_lanka","kandy",2,7,"kandy_2_7",80.8074,7.33336,2024,1,"midslope","woodland",1,1,1,0,0,0,0,0,0,0,0,0,"woodlot"
"17","uuid:9a6b7430-ab6f-426f-841b-7ba211ea20ec","sri_lanka","kandy",2,8,"kandy_2_8",80.8114,7.33757,2024,0,"midslope","shrubland",1,0,1,1,0,0,0,0,0,0,1,0,"other"
"18","uuid:b7396b14-de5e-40b6-bc24-162724f778a2","sri_lanka","kandy",2,11,"kandy_2_11",80.8076,7.33932,2024,1,"midslope","shrubland",1,1,1,0,0,0,0,0,0,0,1,0,"perennial_crop"
"19","uuid:583b8e34-5139-4d9c-b744-2054d5145aa5","sri_lanka","kandy",2,12,"kandy_2_12",80.8057,7.33314,2024,0,"midslope","grassland",1,1,0,0,0,0,1,0,1,0,0,0,"other"
"20","uuid:d52eea44-3856-441d-b1b9-6aaa74a5cbaa","sri_lanka","kandy",2,15,"kandy_2_15",80.8119,7.33933,2024,0,"midslope","shrubland",1,1,1,1,0,0,0,0,0,0,1,0,"other"
"21","uuid:eeae4891-61e4-477a-874f-1f967a027919","sri_lanka","kandy",3,4,"kandy_3_4",80.8115,7.35025,2024,1,"midslope","shrubland",1,0,0,0,0,0,0,0,0,0,1,0,"perennial_crop"
"22","uuid:ad2b62a4-ec77-419c-835c-24b22102142f","sri_lanka","kandy",3,5,"kandy_3_5",80.8053,7.34974,2024,1,"ridge_crest","shrubland",1,0,0,0,0,0,0,0,0,0,1,0,"perennial_crop"
"23","uuid:b9034c8b-0eb3-4e31-935f-2b4f9943b28e","sri_lanka","kandy",3,7,"kandy_3_7",80.8089,7.35133,2024,1,"upland","grassland",1,1,1,0,0,0,1,0,1,0,0,0,"other"
"24","uuid:983fe52a-67e2-4107-bf07-0d305cb7ccfa","sri_lanka","kandy",3,8,"kandy_3_8",80.8113,7.35615,2024,1,"midslope","shrubland",1,1,1,1,0,0,0,0,0,0,1,0,"perennial_crop"
"25","uuid:32a20ed7-245e-47cf-913f-cbfa71ec4008","sri_lanka","kandy",3,9,"kandy_3_9",80.8056,7.3559,2024,1,"midslope","shrubland",1,1,1,1,0,0,0,0,0,0,1,0,"perennial_crop"
"26","uuid:79ea509c-6a94-46d6-920c-e533a5e3a5cf","sri_lanka","kandy",3,11,"kandy_3_11",80.8081,7.35541,2024,0,"midslope","grassland",1,0,1,1,0,0,1,0,1,0,0,0,"other"
"27","uuid:59a4592a-538c-4a18-99c9-54d60b47f227","sri_lanka","kandy",3,12,"kandy_3_12",80.8042,7.35267,2024,1,"midslope","shrubland",1,0,0,0,0,0,0,0,0,0,1,0,"perennial_crop"
"28","uuid:8dbc1f0e-b0dc-4784-ac1d-8dcac4769827","sri_lanka","kandy",3,13,"kandy_3_13",80.8103,7.35562,2024,1,"midslope","shrubland",1,1,1,1,0,0,0,0,0,0,1,0,"perennial_crop"
"29","uuid:40d86faf-abb2-43df-9000-a1130275793b","sri_lanka","kandy",3,14,"kandy_3_14",80.8085,7.35385,2024,1,"midslope","shrubland",1,0,0,0,0,0,0,0,0,0,1,0,"other"
"30","uuid:46c7d70b-f7c3-4169-9239-1a437b89ee63","sri_lanka","kandy",3,15,"kandy_3_15",80.8052,7.35176,2024,0,"bottomland","grassland",1,1,1,1,0,0,1,0,1,0,0,0,"other"
"31","uuid:266c44d9-4b39-46c8-84be-3dd917f967f1","sri_lanka","kandy",4,1,"kandy_4_1",80.8042,7.37849,2024,0,"midslope","grassland",1,1,1,0,0,0,1,0,1,0,0,0,"other"
"32","uuid:8580794b-496a-4096-bd79-13a351f0ed84","sri_lanka","kandy",4,3,"kandy_4_3",80.8048,7.38004,2024,0,"midslope","shrubland",1,0,0,1,0,0,0,0,0,0,1,0,"other"
"33","uuid:eb269fbc-7da6-4b6d-8f61-b47d1118e652","sri_lanka","kandy",4,4,"kandy_4_4",80.8043,7.37937,2024,0,"midslope","grassland",1,1,1,1,0,0,1,0,1,0,0,0,"other"
"34","uuid:0d8465d9-5c92-425a-816d-f7f584539a58","sri_lanka","kandy",4,5,"kandy_4_5",80.8026,7.37413,2024,0,"midslope","grassland",0,1,0,1,0,0,1,0,1,0,0,0,"other"
"35","uuid:9c11910e-bd0b-4d66-8609-9b4d5405ee40","sri_lanka","kandy",4,6,"kandy_4_6",80.8007,7.37909,2024,0,"midslope","shrubland",1,0,0,0,0,0,0,0,0,0,1,0,"other"
"36","uuid:101ac7e1-3bee-4641-ad8d-16e94bc7656c","sri_lanka","kandy",4,7,"kandy_4_7",80.7984,7.37806,2024,0,"midslope","forest",1,1,1,1,0,1,0,0,0,0,0,0,"other"
"37","uuid:7326e602-59f9-4221-8db4-f8e4986ffa9f","sri_lanka","kandy",4,8,"kandy_4_8",80.8005,7.37502,2024,0,"midslope","other",0,1,1,1,0,0,0,0,0,0,0,0,"other"
"38","uuid:db3402ef-c1ba-4d08-bf3d-5d57f44cb5ff","sri_lanka","kandy",4,12,"kandy_4_12",80.7975,7.37761,2024,0,"midslope","wooded_grassland",1,1,1,0,0,0,0,1,1,0,0,0,"other"
"39","uuid:92c00fb7-ebc8-46cf-9764-42792656eaca","sri_lanka","kandy",4,14,"kandy_4_14",80.8046,7.37832,2024,0,"midslope","grassland",1,0,0,0,0,0,1,0,1,0,0,0,"other"
"40","uuid:589ea789-e4b9-4ba4-aab6-25e7f74442e4","sri_lanka","kandy",4,15,"kandy_4_15",80.8022,7.37439,2024,0,"midslope","grassland",1,1,0,1,0,0,1,0,1,0,0,0,"other"
"41","uuid:52e48a26-f68b-49cc-a7af-b411b5b0a2fa","sri_lanka","kandy",5,2,"kandy_5_2",80.8299,7.31314,2024,0,"midslope","shrubland",1,1,1,1,0,0,0,0,0,0,1,0,"other"
"42","uuid:297133f0-3fd4-4d07-ae0c-7997d2604c0e","sri_lanka","kandy",5,3,"kandy_5_3",80.8312,7.30651,2024,0,"midslope","grassland",1,0,1,1,0,0,1,0,1,0,0,0,"other"
"43","uuid:b31eb17e-ba82-43ad-a8fe-aca2a79b4eec","sri_lanka","kandy",5,5,"kandy_5_5",80.8246,7.31324,2024,1,"midslope","shrubland",1,0,1,1,0,0,0,0,0,0,1,0,"perennial_crop"
"44","uuid:d30c03c4-6100-488e-9031-724da5daee67","sri_lanka","kandy",5,6,"kandy_5_6",80.8247,7.305,2024,0,"midslope","grassland",1,1,1,1,0,0,1,0,1,0,0,0,"other"
"45","uuid:c2bd489a-0ea9-4337-a1f3-e006f8a069ca","sri_lanka","kandy",5,7,"kandy_5_7",80.8275,7.30709,2024,0,"midslope","wooded_grassland",1,0,1,1,0,0,0,1,1,0,0,0,"other"
"46","uuid:1d08642b-72a8-414e-b307-8e614e8609ce","sri_lanka","kandy",5,8,"kandy_5_8",80.8256,7.30662,2024,1,"midslope","shrubland",1,0,1,1,0,0,0,0,0,0,1,0,"perennial_crop"
"47","uuid:8ac98ef1-62b9-4ecf-a847-32eedd314dfb","sri_lanka","kandy",5,9,"kandy_5_9",80.8249,7.3082,2024,1,"midslope","shrubland",1,1,1,0,0,0,0,0,0,0,1,0,"perennial_crop"
"48","uuid:b63f6068-b47f-4679-8f5e-6085ab842d64","sri_lanka","kandy",5,10,"kandy_5_10",80.8282,7.31386,2024,0,"midslope","shrubland",1,1,1,1,0,0,0,0,0,0,1,0,"other"
"49","uuid:6e6019e6-d1d1-41f4-81cd-4cc0688c408e","sri_lanka","kandy",5,14,"kandy_5_14",80.8297,7.31316,2024,0,"midslope","shrubland",0,0,1,1,0,0,0,0,0,0,1,0,"fallow"
"50","uuid:4e1d3847-b996-4c4d-9289-9e83ec6ea923","sri_lanka","kandy",6,2,"kandy_6_2",80.8214,7.33241,2024,0,"ridge_crest","forest",1,0,1,1,0,1,0,0,0,0,0,0,"protected_area"
"51","uuid:acb3a25f-65a4-4287-9a88-0822b6694b4d","sri_lanka","kandy",6,3,"kandy_6_3",80.8313,7.33688,2024,0,"ridge_crest","woodland",1,0,1,1,0,0,0,0,0,0,0,0,"woodlot"
"52","uuid:98e914d9-d567-4b20-9842-069f8002d790","sri_lanka","kandy",6,4,"kandy_6_4",80.8269,7.33337,2024,0,"midslope","shrubland",1,0,1,1,0,0,0,0,0,0,1,0,"fallow"
"53","uuid:4b90e712-45b4-4dca-8256-2e05adb483ec","sri_lanka","kandy",6,5,"kandy_6_5",80.8235,7.33081,2024,1,"midslope","woodland",1,1,1,1,0,0,0,0,0,0,0,0,"woodlot"
"54","uuid:7de1260f-1d92-409c-9e31-efa0b92314df","sri_lanka","kandy",6,8,"kandy_6_8",80.8225,7.33708,2024,0,"midslope","grassland",1,0,1,1,0,0,1,0,1,0,0,0,"protected_area"
"55","uuid:e29c8469-60c6-418f-ac9f-c6b6e8e2e96a","sri_lanka","kandy",6,9,"kandy_6_9",80.8313,7.33306,2024,0,"midslope","grassland",1,0,1,1,0,0,1,0,1,0,0,0,"other"
"56","uuid:322bb494-8e3f-4c61-abe5-10fcf42d244d","sri_lanka","kandy",6,10,"kandy_6_10",80.8303,7.33319,2024,1,"midslope","wooded_grassland",1,0,1,1,0,0,0,1,1,0,0,0,"other"
"57","uuid:7c9da575-efd4-4946-a0ec-739197ec4027","sri_lanka","kandy",6,11,"kandy_6_11",80.8278,7.33557,2024,0,"midslope","shrubland",0,1,0,1,0,0,0,0,0,0,1,0,"other"
"58","uuid:2118819a-d917-427d-8080-00516f8cb91c","sri_lanka","kandy",6,12,"kandy_6_12",80.8305,7.33766,2024,0,"midslope","shrubland",1,0,0,1,0,0,0,0,0,0,1,0,"other"
"59","uuid:5a508588-5c3c-4b45-a652-88fbd439e1f7","sri_lanka","kandy",6,15,"kandy_6_15",80.8272,7.33679,2024,0,"footslope","bushland",0,0,1,1,0,0,0,0,0,1,0,0,"other"
"60","uuid:e0be743c-0ff1-42ce-abc2-ce98799fa07e","sri_lanka","kandy",7,1,"kandy_7_1",80.8278,7.36595,2024,0,"midslope","shrubland",1,0,1,1,0,0,0,0,0,0,1,0,"protected_area"
"61","uuid:cc7f185a-e29b-46c6-95a0-83bfa4ed7a90","sri_lanka","kandy",7,3,"kandy_7_3",80.828,7.36474,2024,0,"midslope","forest",1,0,1,1,0,1,0,0,0,0,0,0,"protected_area"
"62","uuid:7f50de1f-7574-408e-848f-9d245aede93a","sri_lanka","kandy",7,4,"kandy_7_4",80.83,7.36079,2024,0,"midslope","grassland",1,0,0,0,0,0,1,0,1,0,0,0,"protected_area"
"63","uuid:cdafe618-a735-4679-a0c1-78f4ad33f63a","sri_lanka","kandy",7,5,"kandy_7_5",80.8236,7.36384,2024,0,"ridge_crest","forest",1,0,1,1,0,1,0,0,0,0,0,0,"protected_area"
"64","uuid:94d319d8-be52-4bed-8109-b23e4f86497a","sri_lanka","kandy",7,6,"kandy_7_6",80.8231,7.36177,2024,1,"midslope","bushland",1,1,1,1,0,0,0,0,0,1,0,0,"other"
"65","uuid:381e6add-9c23-4782-bba1-5976f499cbfd","sri_lanka","kandy",7,7,"kandy_7_7",80.8274,7.3662,2024,0,"ridge_crest","forest",1,0,1,1,0,1,0,0,0,0,0,0,"protected_area"
"66","uuid:fd96acb1-69c6-4038-82bb-fce42aba9ed3","sri_lanka","kandy",7,11,"kandy_7_11",80.8304,7.36563,2024,1,"midslope","forest",1,1,1,1,0,1,0,0,0,0,0,0,"protected_area"
"67","uuid:325d0228-ecff-46a2-9b82-489b79169f3c","sri_lanka","kandy",7,12,"kandy_7_12",80.8286,7.36097,2024,1,"midslope","forest",1,1,1,1,0,1,0,0,0,0,0,0,"protected_area"
"68","uuid:b741bc62-68dd-47a5-9b06-8ba5d2f24ea7","sri_lanka","kandy",7,14,"kandy_7_14",80.8282,7.36103,2024,0,"midslope","wooded_grassland",1,1,1,1,0,0,0,1,1,0,0,0,"protected_area"
"69","uuid:64d6ad25-72a6-4d88-b36e-e0263ebec4f6","sri_lanka","kandy",7,15,"kandy_7_15",80.8213,7.36513,2024,0,"midslope","forest",1,1,1,1,0,1,0,0,0,0,0,0,"protected_area"
"70","uuid:cf32b0b3-9078-4b48-a9c1-297414dd3785","sri_lanka","kandy",8,1,"kandy_8_1",80.8153,7.3761,2024,0,"midslope","shrubland",1,1,1,1,0,0,0,0,0,0,1,0,"protected_area"
"71","uuid:59303c1b-552f-40af-bc17-fcf201cc1e1f","sri_lanka","kandy",8,2,"kandy_8_2",80.8158,7.37782,2024,0,"upland","grassland",1,1,0,1,0,0,1,0,1,0,0,0,"protected_area"
"72","uuid:52e7a166-b6da-42e6-b316-7ec5656b7358","sri_lanka","kandy",8,5,"kandy_8_5",80.8186,7.37914,2024,0,"upland","forest",1,1,1,1,0,1,0,0,0,0,0,0,"protected_area"
"73","uuid:6ab67f28-29ae-400d-9321-50a7d24264dc","sri_lanka","kandy",8,7,"kandy_8_7",80.8162,7.37439,2024,0,"midslope","shrubland",1,1,1,1,0,0,0,0,0,0,1,0,"protected_area"
"74","uuid:3c815f1f-0cc2-4974-a9e2-0c81c709ae13","sri_lanka","kandy",8,8,"kandy_8_8",80.8156,7.37723,2024,0,"upland","forest",0,1,1,1,0,1,0,0,0,0,0,0,"protected_area"
"75","uuid:507ddbb8-cfe6-4d87-ab2b-2b1a2e53eccf","sri_lanka","kandy",8,9,"kandy_8_9",80.8169,7.37912,2024,0,"upland","grassland",1,1,1,1,0,0,1,0,1,0,0,0,"protected_area"
"76","uuid:87f67e5c-be8d-4640-af7a-1daad14517e9","sri_lanka","kandy",8,12,"kandy_8_12",80.8156,7.37465,2024,0,"midslope","forest",0,1,1,1,0,1,0,0,0,0,0,0,"protected_area"
"77","uuid:9598600c-76f1-4482-8f43-5de7544093b2","sri_lanka","kandy",8,13,"kandy_8_13",80.8172,7.37804,2024,0,"upland","forest",1,1,1,1,0,1,0,0,0,0,0,0,"protected_area"
"78","uuid:78505539-e1ac-45b4-88da-c3578f25069d","sri_lanka","kandy",8,14,"kandy_8_14",80.8155,7.37938,2024,0,"upland","forest",1,1,1,1,0,1,0,0,0,0,0,0,"protected_area"
"79","uuid:98e187b3-6175-4599-84f2-4e2675434950","sri_lanka","kandy",8,15,"kandy_8_15",80.8159,7.3787,2024,0,"upland","forest",1,1,1,1,0,1,0,0,0,0,0,0,"protected_area"
"80","uuid:e2620f8a-9196-44d2-9168-163c4ecf9852","sri_lanka","kandy",8,16,"kandy_8_16",80.8284,7.37521,2024,0,"midslope","forest",1,1,1,1,0,1,0,0,0,0,0,0,"protected_area"
"81","uuid:3f6d0d04-e570-4416-9dcb-97d937b09c1f","sri_lanka","kandy",8,17,"kandy_8_17",80.829,7.37495,2024,0,"midslope","forest",1,1,1,1,0,1,0,0,0,0,0,0,"protected_area"
"82","uuid:925e3c3c-0164-45e1-978d-39b73483869e","sri_lanka","kandy",9,1,"kandy_9_1",80.8582,7.30315,2024,1,"midslope","cropland",1,1,1,1,1,0,0,0,0,0,0,0,"annual_crop"
"83","uuid:6c257190-1da1-4d61-9478-b40e15fd2da7","sri_lanka","kandy",9,2,"kandy_9_2",80.8573,7.30542,2024,1,"midslope","shrubland",0,1,1,1,0,0,0,0,0,0,1,0,"perennial_crop"
"84","uuid:0c22311b-5ab3-4625-9fe3-a3531706fef2","sri_lanka","kandy",9,3,"kandy_9_3",80.8573,7.30572,2024,0,"midslope","forest",1,1,1,1,0,1,0,0,0,0,0,0,"protected_area"
"85","uuid:46d9d708-aaac-46d6-8be2-7324dfc12ae9","sri_lanka","kandy",9,4,"kandy_9_4",80.8577,7.30586,2024,1,"midslope","shrubland",0,1,1,1,0,0,0,0,0,0,1,0,"perennial_crop"
"86","uuid:da445f48-d788-44d4-a371-ed9e10982ab8","sri_lanka","kandy",9,5,"kandy_9_5",80.8569,7.30154,2024,1,"footslope","shrubland",0,1,1,1,0,0,0,0,0,0,1,0,"perennial_crop"
"87","uuid:1c33aa6d-49c5-4e3e-855d-5a678371bdf4","sri_lanka","kandy",9,6,"kandy_9_6",80.8516,7.30289,2024,1,"midslope","wooded_grassland",1,1,1,1,0,0,0,1,1,0,0,0,"woodlot"
"88","uuid:01feb097-cbb8-4c52-aa40-7c0d93db69b3","sri_lanka","kandy",9,8,"kandy_9_8",80.8595,7.3036,2024,0,"footslope","grassland",1,1,0,1,0,0,1,0,1,0,0,0,"other"
"89","uuid:469e3481-ee94-4d3d-a057-26ebb9a48d25","sri_lanka","kandy",9,9,"kandy_9_9",80.8595,7.30518,2024,1,"midslope","shrubland",1,1,1,1,0,0,0,0,0,0,1,0,"perennial_crop"
"90","uuid:4696739b-739e-4ad7-9bc5-3010dba2387b","sri_lanka","kandy",9,14,"kandy_9_14",80.8602,7.30354,2024,0,"footslope","forest",1,1,1,1,0,1,0,0,0,0,0,0,"protected_area"
"91","uuid:0d1c02e9-f1e8-437c-bc89-4dbb49e6e0f6","sri_lanka","kandy",9,15,"kandy_9_15",80.8586,7.30207,2024,1,"footslope","forest",1,1,1,1,0,1,0,0,0,0,0,0,"other"
"92","uuid:56884d79-5901-4240-b516-6b14dcbf62d3","sri_lanka","kandy",10,1,"kandy_10_1",80.8428,7.3392,2024,0,"upland","forest",0,1,1,1,0,1,0,0,0,0,0,0,"protected_area"
"93","uuid:58655a1b-1e50-43ed-9d7f-672b5bc6cbb9","sri_lanka","kandy",10,2,"kandy_10_2",80.8465,7.34146,2024,0,"midslope","forest",0,0,1,1,0,1,0,0,0,0,0,0,"protected_area"
"94","uuid:b0d0a354-c48c-4844-9fbd-a95b49ec529f","sri_lanka","kandy",10,4,"kandy_10_4",80.848,7.34383,2024,1,"midslope","shrubland",1,0,1,1,0,0,0,0,0,0,1,0,"perennial_crop"
"95","uuid:9265315f-cde5-4685-86b5-9471ad853795","sri_lanka","kandy",10,6,"kandy_10_6",80.8462,7.33877,2024,0,"midslope","forest",1,1,1,1,0,1,0,0,0,0,0,0,"protected_area"
"96","uuid:543ebb98-6b22-48be-9cf6-9a4088bfa8ba","sri_lanka","kandy",10,7,"kandy_10_7",80.8468,7.34276,2024,0,"midslope","forest",1,0,1,1,0,1,0,0,0,0,0,0,"protected_area"
"97","uuid:8ee4df2f-228c-433d-a98b-75d82cdfe377","sri_lanka","kandy",10,9,"kandy_10_9",80.8471,7.34085,2024,0,"midslope","bushland",1,1,1,1,0,0,0,0,0,1,0,0,"protected_area"
"98","uuid:1668dc00-0f27-4f50-b7f6-09b643ac81ef","sri_lanka","kandy",10,10,"kandy_10_10",80.851,7.33863,2024,0,"midslope","wooded_grassland",1,1,1,1,0,0,0,1,1,0,0,0,"protected_area"
"99","uuid:46a8fce9-243e-4034-a3eb-4d513979cfed","sri_lanka","kandy",10,11,"kandy_10_11",80.8463,7.33843,2024,0,"midslope","forest",1,1,1,1,0,1,0,0,0,0,0,0,"protected_area"
"100","uuid:2a0b3d14-5a51-460d-82c7-46ed5c79469c","sri_lanka","kandy",10,14,"kandy_10_14",80.8439,7.34131,2024,0,"midslope","wooded_grassland",1,1,1,1,0,0,0,1,1,0,0,0,"protected_area"
"101","uuid:16c305e8-018a-462a-8b30-99ca2b439dc4","sri_lanka","kandy",10,15,"kandy_10_15",80.8489,7.34156,2024,0,"midslope","forest",1,1,1,1,0,1,0,0,0,0,0,0,"protected_area"
"102","uuid:1e8062d5-0d4b-4df3-9e29-876673907798","sri_lanka","kandy",11,1,"kandy_11_1",80.8514,7.35499,2024,1,"bottomland","cropland",0,0,0,0,1,0,0,0,0,0,0,0,"annual_crop"
"103","uuid:03b3ca17-fef9-4e56-b29e-c4e609b90c83","sri_lanka","kandy",11,2,"kandy_11_2",80.8474,7.36128,2024,1,"footslope","shrubland",0,0,1,1,0,0,0,0,0,0,1,0,"perennial_crop"
"104","uuid:c5a264ec-8b07-45a3-b7e5-ce68e7d53f4e","sri_lanka","kandy",11,4,"kandy_11_4",80.8477,7.35979,2024,1,"footslope","shrubland",1,0,1,1,0,0,0,0,0,0,1,0,"perennial_crop"
"105","uuid:ed592404-600a-4c9a-a5a3-e59242bfaafb","sri_lanka","kandy",11,6,"kandy_11_6",80.8493,7.36205,2024,0,"midslope","forest",1,1,1,1,0,1,0,0,0,0,0,0,"protected_area"
"106","uuid:da92c763-a8fe-4706-9857-d9792e3757a6","sri_lanka","kandy",11,9,"kandy_11_9",80.8461,7.35577,2024,0,"midslope","grassland",1,1,0,1,0,0,1,0,1,0,0,0,"other"
"107","uuid:8e976c2b-babb-4c25-88cf-68ef9c109213","sri_lanka","kandy",11,10,"kandy_11_10",80.8481,7.3644,2024,1,"midslope","shrubland",1,0,1,1,0,0,0,0,0,0,1,0,"perennial_crop"
"108","uuid:41653f70-18e8-43c1-a109-cac617482188","sri_lanka","kandy",11,11,"kandy_11_11",80.8486,7.36073,2024,0,"midslope","forest",1,1,1,1,0,1,0,0,0,0,0,0,"protected_area"
"109","uuid:28fafbb9-44fa-48ad-965c-818f49c460e7","sri_lanka","kandy",11,12,"kandy_11_12",80.8469,7.35466,2024,0,"ridge_crest","shrubland",1,1,0,1,0,0,0,0,0,0,1,0,"other"
"110","uuid:84819a19-f0a9-4813-bdae-9bc13faa29b5","sri_lanka","kandy",11,13,"kandy_11_13",80.8511,7.3563,2024,1,"ridge_crest","woodland",1,0,1,0,0,0,0,0,0,0,0,0,"woodlot"
"111","uuid:747688a3-e10f-4593-aaa2-8cd60251b6af","sri_lanka","kandy",11,15,"kandy_11_15",80.8461,7.36126,2024,1,"midslope","shrubland",1,0,1,1,0,0,0,0,0,0,1,0,"perennial_crop"
"112","uuid:e508a5b0-ef53-4266-81b2-c735ec3c75c8","sri_lanka","kandy",12,4,"kandy_12_4",80.8556,7.37852,2024,0,"ridge_crest","forest",0,1,1,1,0,1,0,0,0,0,0,0,"protected_area"
"113","uuid:a4b343a5-6c9b-40bf-a793-b41aeabdbf8b","sri_lanka","kandy",12,5,"kandy_12_5",80.857,7.38242,2024,0,"midslope","forest",1,0,1,1,0,1,0,0,0,0,0,0,"protected_area"
"114","uuid:6de9dbd1-1816-4ffd-b62e-5468645b34c2","sri_lanka","kandy",12,6,"kandy_12_6",80.8559,7.37953,2024,0,"ridge_crest","forest",1,1,1,1,0,1,0,0,0,0,0,0,"protected_area"
"115","uuid:d1aed008-58e2-4553-96ad-11d0da3b4316","sri_lanka","kandy",12,7,"kandy_12_7",80.847,7.38622,2024,0,"midslope","forest",1,1,1,1,0,1,0,0,0,0,0,0,"protected_area"
"116","uuid:c784e754-a5f7-454b-8e06-4cf10cbe2b9f","sri_lanka","kandy",12,9,"kandy_12_9",80.8566,7.38297,2024,0,"ridge_crest","forest",1,0,1,1,0,1,0,0,0,0,0,0,"protected_area"
"117","uuid:8d56c8ed-eaef-4cc1-96ce-348913b077cb","sri_lanka","kandy",12,10,"kandy_12_10",80.8557,7.37992,2024,0,"ridge_crest","forest",1,1,1,1,0,1,0,0,0,0,0,0,"protected_area"
"118","uuid:c2db8aa7-6321-4dc4-ba90-cbcb7aefa7c7","sri_lanka","kandy",12,11,"kandy_12_11",80.8512,7.37914,2024,0,"midslope","thicket",1,0,1,1,0,0,0,0,0,0,0,0,"protected_area"
"119","uuid:3b5ef3cd-9605-4b0d-a10f-87db482be2db","sri_lanka","kandy",12,12,"kandy_12_12",80.8521,7.37984,2024,1,"midslope","shrubland",1,1,1,1,0,0,0,0,0,0,1,0,"perennial_agroforestry"
"120","uuid:ec785410-3d11-4d79-afc9-7670afdee546","sri_lanka","kandy",12,13,"kandy_12_13",80.849,7.38725,2024,0,"midslope","forest",1,0,1,1,0,1,0,0,0,0,0,0,"protected_area"
"121","uuid:7e64aa6e-6fa2-4043-8232-cc2392f7f267","sri_lanka","kandy",12,14,"kandy_12_14",80.8536,7.38745,2024,0,"midslope","forest",1,1,1,1,0,1,0,0,0,0,0,0,"protected_area"
"122","uuid:6f07244e-d8ba-48ec-a261-5a6899932aef","sri_lanka","kandy",13,1,"kandy_13_1",80.874,7.31102,2024,1,"midslope","cropland",1,0,0,0,1,0,0,0,0,0,0,0,"annual_crop"
"123","uuid:724d2b0b-82b2-4307-8308-d28928839b78","sri_lanka","kandy",13,2,"kandy_13_2",80.8752,7.31293,2024,1,"footslope","woodland",1,0,1,1,0,0,0,0,0,0,0,0,"other"
"124","uuid:1deb8f3c-0df1-4842-8406-1783d993c0c8","sri_lanka","kandy",13,4,"kandy_13_4",80.8761,7.30986,2024,1,"footslope","cropland",1,0,0,0,1,0,0,0,0,0,0,0,"annual_crop"
"125","uuid:17dbd0eb-020a-48d0-8fc1-1dc763445598","sri_lanka","kandy",13,5,"kandy_13_5",80.8771,7.31264,2024,0,"footslope","forest",1,0,1,1,0,1,0,0,0,0,0,0,"protected_area"
"126","uuid:34dc2137-7836-4286-a3a4-4de89b3272d2","sri_lanka","kandy",13,7,"kandy_13_7",80.8772,7.31344,2024,0,"midslope","thicket",1,0,1,1,0,0,0,0,0,0,0,0,"other"
"127","uuid:6ca2984c-798f-49ed-aa72-f46cc6752e83","sri_lanka","kandy",13,8,"kandy_13_8",80.8766,7.31037,2024,1,"footslope","grassland",1,0,1,1,0,0,1,0,1,0,0,0,"annual_crop"
"128","uuid:e3c45925-df5a-4722-a67a-08a3cc37eafa","sri_lanka","kandy",13,9,"kandy_13_9",80.8796,7.31186,2024,1,"midslope","woodland",1,0,1,1,0,0,0,0,0,0,0,0,"perennial_agroforestry"
"129","uuid:6c7e1ac2-0230-4794-a9f8-2f8e8a50809f","sri_lanka","kandy",13,13,"kandy_13_13",80.8777,7.31216,2024,1,"midslope","woodland",1,0,1,1,0,0,0,0,0,0,0,0,"perennial_agroforestry"
"130","uuid:17a361ab-92fb-49d5-af8a-af5b68adc07b","sri_lanka","kandy",13,14,"kandy_13_14",80.8788,7.3162,2024,0,"midslope","grassland",1,0,1,1,0,0,1,0,1,0,0,0,"other"
"131","uuid:bfa9d10b-8fc6-4976-b119-91af03eb8711","sri_lanka","kandy",13,15,"kandy_13_15",80.8707,7.31172,2024,1,"midslope","wooded_grassland",0,0,1,1,0,0,0,1,1,0,0,0,"other"
"132","uuid:11920ab3-dedd-4063-a9b8-07b827b09495","sri_lanka","kandy",14,1,"kandy_14_1",80.8769,7.33479,2024,1,"midslope","woodland",1,1,1,1,0,0,0,0,0,0,0,0,"woodlot"
"133","uuid:2503f60b-2cc4-460e-a9b1-e5ccebc0136f","sri_lanka","kandy",14,2,"kandy_14_2",80.8706,7.33855,2024,0,"midslope","grassland",1,1,0,1,0,0,1,0,1,0,0,0,"other"
"134","uuid:984cf3ec-d06d-4b46-ba92-e89c5668d70a","sri_lanka","kandy",14,3,"kandy_14_3",80.8704,7.33706,2024,0,"midslope","thicket",1,0,1,1,0,0,0,0,0,0,0,0,"protected_area"
"135","uuid:7a4f0929-c04c-4b84-a4fb-3101d7b3e331","sri_lanka","kandy",14,6,"kandy_14_6",80.8716,7.33449,2024,1,"midslope","grassland",1,0,1,1,0,0,1,0,1,0,0,0,"annual_crop"
"136","uuid:e882039f-d190-4b71-af4c-a83c7d614724","sri_lanka","kandy",14,9,"kandy_14_9",80.8749,7.33485,2024,0,"midslope","shrubland",1,1,1,1,0,0,0,0,0,0,1,0,"protected_area"
"137","uuid:1481cf06-e822-43ce-87c4-086b53666343","sri_lanka","kandy",14,10,"kandy_14_10",80.8753,7.34294,2024,0,"midslope","forest",1,1,1,1,0,1,0,0,0,0,0,0,"protected_area"
"138","uuid:c1b2e9f5-b57a-47d5-b70a-b74895bee44a","sri_lanka","kandy",14,11,"kandy_14_11",80.8714,7.34134,2024,0,"upland","shrubland",0,1,1,1,0,0,0,0,0,0,1,0,"protected_area"
"139","uuid:a57bfbd9-b8fe-4ec0-b921-263d47a3b88e","sri_lanka","kandy",14,13,"kandy_14_13",80.8743,7.3423,2024,0,"midslope","forest",1,0,1,1,0,1,0,0,0,0,0,0,"protected_area"
"140","uuid:af7d433a-4425-466a-aa47-e1f4f3b1eaf4","sri_lanka","kandy",14,14,"kandy_14_14",80.8743,7.33706,2024,0,"ridge_crest","shrubland",1,1,1,1,0,0,0,0,0,0,1,0,"protected_area"
"141","uuid:b5f7d060-fce8-46cb-88dc-f0d17c8c8991","sri_lanka","kandy",14,15,"kandy_14_15",80.8711,7.33941,2024,0,"footslope","forest",0,1,1,1,0,1,0,0,0,0,0,0,"protected_area"
"142","uuid:285fd58a-67f8-4dc9-9c1a-f554137c07ea","sri_lanka","kandy",15,3,"kandy_15_3",80.8771,7.35823,2024,1,"footslope","cropland",0,0,0,0,1,0,0,0,0,0,0,0,"annual_crop"
"143","uuid:106db6e1-4e42-4a5f-aadf-358520bbea5c","sri_lanka","kandy",15,4,"kandy_15_4",80.8773,7.35795,2024,1,"footslope","woodland",1,1,1,1,0,0,0,0,0,0,0,0,"other"
"144","uuid:da3c726c-57f3-4931-8161-98d4653f458f","sri_lanka","kandy",15,5,"kandy_15_5",80.8776,7.3605,2024,0,"ridge_crest","grassland",1,0,1,1,0,0,1,0,1,0,0,0,"fallow"
"145","uuid:e4aec072-73a6-4bef-914f-21d49f611ca0","sri_lanka","kandy",15,7,"kandy_15_7",80.8705,7.35811,2024,1,"midslope","cropland",0,0,0,0,1,0,0,0,0,0,0,0,"annual_crop"
"146","uuid:6bc3cf2a-9d6a-4994-b5cf-9c31909a6acf","sri_lanka","kandy",15,8,"kandy_15_8",80.8722,7.35797,2024,1,"midslope","woodland",1,0,1,1,0,0,0,0,0,0,0,0,"perennial_crop"
"147","uuid:8287847f-0f16-4d71-8591-d497e4f81251","sri_lanka","kandy",15,9,"kandy_15_9",80.8697,7.35736,2024,1,"midslope","cropland",0,0,0,0,1,0,0,0,0,0,0,0,"annual_crop"
"148","uuid:978b20bb-b9f9-4408-83ec-1151c3142ddd","sri_lanka","kandy",15,10,"kandy_15_10",80.8747,7.36163,2024,0,"midslope","forest",1,0,1,1,0,1,0,0,0,0,0,0,"protected_area"
"149","uuid:5b64039a-3d43-4354-8ec6-3491325c1569","sri_lanka","kandy",15,11,"kandy_15_11",80.8696,7.36212,2024,1,"midslope","woodland",0,1,1,1,0,0,0,0,0,0,0,0,"perennial_crop"
"150","uuid:c1bd781f-1a0f-4ac6-9588-531025c843aa","sri_lanka","kandy",15,12,"kandy_15_12",80.8772,7.35795,2024,1,"footslope","cropland",0,0,1,1,1,0,0,0,0,0,0,0,"annual_crop"
"151","uuid:951d8285-79b7-41f1-9ef5-3c8cbbaeba4a","sri_lanka","kandy",15,15,"kandy_15_15",80.8692,7.35451,2024,1,"midslope","cropland",0,0,0,0,1,0,0,0,0,0,0,0,"annual_crop"
"152","uuid:b3d6bf0c-3d77-40ef-b0f5-78b20d3cc7a0","sri_lanka","kandy",16,2,"kandy_16_2",80.8826,7.38029,2024,0,"ridge_crest","forest",1,1,1,1,0,1,0,0,0,0,0,0,"protected_area"
"153","uuid:3b7d8f48-6b7c-4270-9757-cf4284606c56","sri_lanka","kandy",16,3,"kandy_16_3",80.8824,7.37657,2024,1,"midslope","woodland",1,1,1,1,0,0,0,0,0,0,0,0,"other"
"154","uuid:9ca2c073-88e9-44c7-93f1-cccdb1ed345a","sri_lanka","kandy",16,5,"kandy_16_5",80.8822,7.37351,2024,1,"footslope","cropland",0,1,1,0,1,0,0,0,0,0,0,0,"annual_crop"
"155","uuid:35eb15d3-9766-45c0-9cfe-1c3a8883bca3","sri_lanka","kandy",16,6,"kandy_16_6",80.8781,7.37473,2024,1,"midslope","bushland",1,0,1,1,0,0,0,0,0,1,0,0,"perennial_agroforestry"
"156","uuid:49994baf-f311-4458-a334-32096b70b8cf","sri_lanka","kandy",16,7,"kandy_16_7",80.8814,7.37991,2024,0,"footslope","forest",0,0,1,1,0,1,0,0,0,0,0,0,"protected_area"
"157","uuid:b22e1440-2807-4ffa-8af4-9059ea782a29","sri_lanka","kandy",16,9,"kandy_16_9",80.8813,7.37964,2024,0,"footslope","forest",0,1,1,1,0,1,0,0,0,0,0,0,"protected_area"
"158","uuid:a14d469d-7194-446b-b629-e55fa775ab9a","sri_lanka","kandy",16,12,"kandy_16_12",80.8786,7.37529,2024,0,"midslope","forest",1,0,1,1,0,1,0,0,0,0,0,0,"protected_area"
"159","uuid:7399a8c2-1846-4a83-a65e-bc9b75376d17","sri_lanka","kandy",16,13,"kandy_16_13",80.8796,7.37302,2024,1,"footslope","cropland",1,0,1,1,1,0,0,0,0,0,0,0,"annual_crop"
"160","uuid:8ed915f2-4f65-4ab4-a9ec-5c29b2b59ec4","sri_lanka","kandy",16,14,"kandy_16_14",80.8784,7.37153,2024,0,"ridge_crest","thicket",1,1,1,1,0,0,0,0,0,0,0,0,"other"
"161","uuid:2403ec9c-bf27-4993-ae9e-fd151e40916f","sri_lanka","kandy",16,15,"kandy_16_15",80.8794,7.37336,2024,1,"footslope","grassland",1,1,1,1,0,0,1,0,1,0,0,0,"other"
"162","uuid:476585de-4556-4efb-b838-9caa4e62d831","sri_lanka","laggala",1,1,"laggala_1_1",80.8154,7.5966,2024,1,"footslope","other",0,1,1,1,0,0,0,0,0,0,0,0,"perennial_crop"
"163","uuid:b38f9d44-d883-4c4d-ae70-339104c96a9d","sri_lanka","laggala",1,3,"laggala_1_3",80.8151,7.60158,2024,1,"footslope","cropland",1,0,0,0,1,0,0,0,0,0,0,0,"annual_crop"
"164","uuid:67f2a98e-56d7-48cd-b164-4f3d385be7eb","sri_lanka","laggala",1,4,"laggala_1_4",80.8234,7.5952,2024,0,"footslope","grassland",0,0,0,0,0,0,1,0,1,0,0,0,"fallow"
"165","uuid:0e19d12e-31aa-4cc1-a2a8-e2b5d5ecc473","sri_lanka","laggala",1,5,"laggala_1_5",80.8207,7.59793,2024,1,"footslope","cropland",1,0,0,0,1,0,0,0,0,0,0,0,"annual_crop"
"166","uuid:e55d5594-95bb-41f4-92e8-0a65721dda3d","sri_lanka","laggala",1,7,"laggala_1_7",80.816,7.59612,2024,1,"footslope","other",1,1,1,1,0,0,0,0,0,0,0,0,"annual_agroforestry"
"167","uuid:f45703af-a391-47c4-bd94-b6856b37e3e9","sri_lanka","laggala",1,8,"laggala_1_8",80.8161,7.59561,2024,1,"footslope","woodland",1,0,1,1,0,0,0,0,0,0,0,0,"woodlot"
"168","uuid:2a792a3a-0751-467e-86dc-28f3ed315e2e","sri_lanka","laggala",1,9,"laggala_1_9",80.8168,7.6021,2024,1,"footslope","wooded_grassland",0,1,1,1,0,0,0,1,1,0,0,0,"woodlot"
"169","uuid:ad7a37ff-8ec3-4d93-9307-4a627738536c","sri_lanka","laggala",1,10,"laggala_1_10",80.8226,7.59767,2024,0,"bottomland","grassland",1,1,0,0,0,0,1,0,1,0,0,0,"fallow"
"170","uuid:836d9ade-22e0-46d5-ab8b-f3b050e80d0c","sri_lanka","laggala",1,14,"laggala_1_14",80.8177,7.60138,2024,0,"bottomland","wooded_grassland",1,0,1,1,0,0,0,1,1,0,0,0,"other"
"171","uuid:ef292529-9645-41bd-8143-a25e58dcfd9e","sri_lanka","laggala",1,15,"laggala_1_15",80.8203,7.59792,2024,1,"footslope","cropland",1,0,0,1,1,0,0,0,0,0,0,0,"annual_crop"
"172","uuid:943a148f-a181-40df-80d0-4a6f983aa365","sri_lanka","laggala",2,1,"laggala_2_1",80.8214,7.62671,2024,0,"bottomland","grassland",0,0,1,0,0,0,1,0,1,0,0,0,"other"
"173","uuid:cea6c217-fc03-420e-9e65-56c9fd72cd70","sri_lanka","laggala",2,3,"laggala_2_3",80.8241,7.62566,2024,0,"bottomland","grassland",0,0,0,0,0,0,1,0,1,0,0,0,"fallow"
"174","uuid:2a8b608f-b9ea-4560-bb20-a8a28f341fc1","sri_lanka","laggala",2,4,"laggala_2_4",80.8202,7.62032,2024,1,"bottomland","other",0,0,1,0,0,0,0,0,0,0,0,0,"perennial_crop"
"175","uuid:01e02dfc-933f-4892-9e31-d8e1b5bbc0b3","sri_lanka","laggala",2,5,"laggala_2_5",80.8186,7.62481,2024,0,"bottomland","wooded_grassland",0,1,1,1,0,0,0,1,1,0,0,0,"other"
"176","uuid:14e5dc0a-0e9b-4237-9df4-8478f6b28f10","sri_lanka","laggala",2,6,"laggala_2_6",80.8254,7.62099,2024,0,"bottomland","other",1,0,0,0,0,0,0,0,0,0,0,0,"other"
"177","uuid:2013d8ac-ec49-43a6-b098-5314334e5ccc","sri_lanka","laggala",2,11,"laggala_2_11",80.8264,7.62573,2024,1,"bottomland","cropland",0,0,0,0,1,0,0,0,0,0,0,0,"annual_crop"
"178","uuid:ed46bb39-ec3c-40cc-a5e5-00056ad43137","sri_lanka","laggala",2,12,"laggala_2_12",80.8201,7.62514,2024,1,"bottomland","wooded_grassland",0,0,1,1,0,0,0,1,1,0,0,0,"other"
"179","uuid:03f28341-6fee-4680-a833-5eed993292e5","sri_lanka","laggala",2,13,"laggala_2_13",80.8201,7.62043,2024,1,"bottomland","other",0,0,1,1,0,0,0,0,0,0,0,0,"perennial_crop"
"180","uuid:8c7949d3-86a1-4100-a961-1472e8bbcc6d","sri_lanka","laggala",2,14,"laggala_2_14",80.8212,7.62496,2024,0,"bottomland","thicket",1,0,1,1,0,0,0,0,0,0,0,0,"other"
"181","uuid:af472ae0-2960-409e-b05b-bcc0fd6f77d2","sri_lanka","laggala",2,15,"laggala_2_15",80.8196,7.62718,2024,1,"footslope","wooded_grassland",1,0,1,1,0,0,0,1,1,0,0,0,"other"
"182","uuid:968dde85-7e87-4918-a5ca-3154bbfc2290","sri_lanka","laggala",3,1,"laggala_3_1",80.821,7.65059,2024,1,"footslope","cropland",0,0,0,0,1,0,0,0,0,0,0,0,"annual_crop"
"183","uuid:ea6fb304-bf8d-4907-b29a-7f9e044be7c9","sri_lanka","laggala",3,2,"laggala_3_2",80.8211,7.64154,2024,1,"bottomland","thicket",1,0,1,1,0,0,0,0,0,0,0,0,"other"
"184","uuid:c7e9a298-765a-4c7d-ac92-b04ccfca4271","sri_lanka","laggala",3,3,"laggala_3_3",80.8254,7.64286,2024,0,"bottomland","other",1,0,1,1,0,0,0,0,0,0,0,0,"other"
"185","uuid:089d7229-a52f-4ec3-affa-6b222786e59d","sri_lanka","laggala",3,4,"laggala_3_4",80.8241,7.65107,2024,1,"bottomland","cropland",0,0,0,0,1,0,0,0,0,0,0,0,"annual_crop"
"186","uuid:42e92c22-361c-42e9-aa14-a87b353fb110","sri_lanka","laggala",3,8,"laggala_3_8",80.8258,7.64307,2024,0,"bottomland","grassland",1,0,0,1,0,0,1,0,1,0,0,0,"other"
"187","uuid:41f100a9-3956-44eb-8c7e-a79db50ef520","sri_lanka","laggala",3,10,"laggala_3_10",80.8251,7.64983,2024,1,"bottomland","cropland",0,0,0,0,1,0,0,0,0,0,0,0,"annual_crop"
"188","uuid:c81c1ffd-7a64-4772-bcc5-fd442458e1b7","sri_lanka","laggala",3,11,"laggala_3_11",80.8197,7.65071,2024,1,"footslope","cropland",0,0,0,0,1,0,0,0,0,0,0,0,"annual_crop"
"189","uuid:59d87137-22ab-42ca-b82e-9549e91e055e","sri_lanka","laggala",3,12,"laggala_3_12",80.8246,7.64315,2024,0,"bottomland","grassland",1,0,1,0,0,0,1,0,1,0,0,0,"other"
"190","uuid:d616f7bf-2249-467f-854b-38a4cdeb7c0e","sri_lanka","laggala",3,14,"laggala_3_14",80.8248,7.64204,2024,1,"bottomland","other",0,0,1,1,0,0,0,0,0,0,0,0,"other"
"191","uuid:9047e0c9-618e-4bc7-8f12-8497edbba06a","sri_lanka","laggala",3,15,"laggala_3_15",80.8211,7.64207,2024,1,"bottomland","other",0,0,1,0,0,0,0,0,0,0,0,0,"other"
"192","uuid:bd1e0f56-8f1d-46cc-8821-78c3c529633a","sri_lanka","laggala",4,2,"laggala_4_2",80.8335,7.66821,2024,0,"footslope","grassland",1,1,1,0,0,0,1,0,1,0,0,0,"other"
"193","uuid:46de5933-dde6-41f1-96c7-b7bac7c8a050","sri_lanka","laggala",4,3,"laggala_4_3",80.829,7.66738,2024,0,"footslope","grassland",1,0,0,0,0,0,1,0,1,0,0,0,"annual_crop"
"194","uuid:8d5c6593-4b7e-4717-8c10-9140f925d7be","sri_lanka","laggala",4,5,"laggala_4_5",80.8269,7.66573,2024,1,"footslope","cropland",1,0,0,0,1,0,0,0,0,0,0,0,"annual_crop"
"195","uuid:aa944e0c-8db6-4e39-9b52-b0cdc50b7939","sri_lanka","laggala",4,6,"laggala_4_6",80.8304,7.66346,2024,0,"footslope","grassland",0,1,0,0,0,0,1,0,1,0,0,0,"annual_crop"
"196","uuid:61dfe814-5bed-42f1-989f-e99a6a82ae82","sri_lanka","laggala",4,7,"laggala_4_7",80.8253,7.66294,2024,0,"bottomland","other",1,1,1,1,0,0,0,0,0,0,0,0,"other"
"197","uuid:6b00f70c-88bf-4bf6-b749-0412865bcdc1","sri_lanka","laggala",4,9,"laggala_4_9",80.8317,7.66271,2024,1,"footslope","cropland",1,0,1,1,1,0,0,0,0,0,0,0,"annual_crop"
"198","uuid:d6966943-69b0-440b-8c0f-86f9d3c3cf8e","sri_lanka","laggala",4,11,"laggala_4_11",80.828,7.66828,2024,1,"footslope","cropland",1,1,0,0,1,0,0,0,0,0,0,0,"annual_crop"
"199","uuid:34689d35-fd31-4e79-88a4-e1d18d5f0c02","sri_lanka","laggala",4,12,"laggala_4_12",80.8296,7.66577,2024,1,"footslope","shrubland",1,0,0,0,0,0,0,0,0,0,1,0,"annual_crop"
"200","uuid:94b20c19-f754-48c0-b8a5-e1702fc3db6b","sri_lanka","laggala",4,14,"laggala_4_14",80.8275,7.6641,2024,1,"footslope","cropland",1,0,0,0,1,0,0,0,0,0,0,0,"annual_crop"
"201","uuid:b4203163-1000-4f72-ac18-0567752e04aa","sri_lanka","laggala",4,15,"laggala_4_15",80.8321,7.66482,2024,1,"footslope","cropland",1,0,1,1,1,0,0,0,0,0,0,0,"annual_crop"
"202","uuid:d84da44c-d9d0-440c-a0f6-ac5017ade81f","sri_lanka","laggala",5,1,"laggala_5_1",80.8411,7.60355,2024,0,"midslope","forest",1,1,1,1,0,1,0,0,0,0,0,0,"protected_area"
"203","uuid:7cfdcaf0-5e2c-4090-8a5f-9098b05dc6af","sri_lanka","laggala",5,3,"laggala_5_3",80.8445,7.60125,2024,0,"bottomland","grassland",0,1,0,0,0,0,1,0,1,0,0,0,"other"
"204","uuid:55cabe89-0c8a-4157-8b90-fef1c9f3db0f","sri_lanka","laggala",5,5,"laggala_5_5",80.8449,7.59842,2024,1,"bottomland","cropland",0,0,0,0,1,0,0,0,0,0,0,0,"annual_crop"
"205","uuid:d327a836-f39c-42b9-83a4-9ac849958417","sri_lanka","laggala",5,6,"laggala_5_6",80.8452,7.60138,2024,1,"bottomland","other",0,0,1,1,0,0,0,0,0,0,0,0,"perennial_crop"
"206","uuid:46d03d68-e5d7-4a99-9801-d2433bcd30cf","sri_lanka","laggala",5,7,"laggala_5_7",80.8416,7.59745,2024,0,"bottomland","grassland",1,1,0,0,0,0,1,0,1,0,0,0,"other"
"207","uuid:fa6bb276-aba0-4fc0-846b-f25003b17c41","sri_lanka","laggala",5,8,"laggala_5_8",80.8411,7.59917,2024,0,"midslope","thicket",1,0,1,1,0,0,0,0,0,0,0,0,"protected_area"
"208","uuid:31c1d3bc-ece1-45f0-98fc-8b98583d0244","sri_lanka","laggala",5,9,"laggala_5_9",80.8406,7.60335,2024,1,"footslope","other",1,0,1,1,0,0,0,0,0,0,0,0,"perennial_agroforestry"
"209","uuid:96942090-a366-4dfd-b2ab-2e7dbbd2e97c","sri_lanka","laggala",5,11,"laggala_5_11",80.8459,7.59618,2024,1,"bottomland","cropland",0,0,0,1,1,0,0,0,0,0,0,0,"annual_crop"
"210","uuid:cd53ef05-7b90-46ab-9c06-bbed095ab463","sri_lanka","laggala",5,12,"laggala_5_12",80.8473,7.60065,2024,0,"footslope","thicket",1,0,1,1,0,0,0,0,0,0,0,0,"protected_area"
"211","uuid:b0c7ac1a-a743-4536-810c-a1ece20346b6","sri_lanka","laggala",5,13,"laggala_5_13",80.8466,7.59629,2024,1,"bottomland","cropland",0,0,0,0,1,0,0,0,0,0,0,0,"annual_crop"
"212","uuid:7fa85f7a-4713-41cd-9c8a-6d2bd5213125","sri_lanka","laggala",6,1,"laggala_6_1",80.8483,7.62801,2024,1,"footslope","cropland",1,0,0,0,1,0,0,0,0,0,0,0,"annual_crop"
"213","uuid:a40ce561-e416-4c5a-8907-611ba6077ee0","sri_lanka","laggala",6,3,"laggala_6_3",80.8464,7.63117,2024,1,"footslope","cropland",1,0,0,0,1,0,0,0,0,0,0,0,"annual_crop"
"214","uuid:7a8ef5cd-2c69-43e2-94b8-5fae8bc3a49b","sri_lanka","laggala",6,4,"laggala_6_4",80.8397,7.62671,2024,1,"footslope","cropland",1,0,1,1,1,0,0,0,0,0,0,0,"annual_crop"
"215","uuid:0f92fda2-84b2-40e9-8ee7-be9f388e0fa7","sri_lanka","laggala",6,5,"laggala_6_5",80.8477,7.62275,2024,1,"footslope","cropland",1,0,0,0,1,0,0,0,0,0,0,0,"annual_crop"
"216","uuid:d80330ca-1ca4-4b5e-8eff-99ba6d45b215","sri_lanka","laggala",6,6,"laggala_6_6",80.8393,7.627,2024,1,"footslope","cropland",1,0,0,0,1,0,0,0,0,0,0,0,"annual_crop"
"217","uuid:8de6fb55-fcfd-4a03-88f7-df9064595502","sri_lanka","laggala",6,7,"laggala_6_7",80.8459,7.63151,2024,1,"footslope","cropland",1,0,0,0,1,0,0,0,0,0,0,0,"annual_agroforestry"
"218","uuid:751f1fce-a0a7-442f-89f4-64d1ec9ef847","sri_lanka","laggala",6,10,"laggala_6_10",80.8386,7.62794,2024,1,"footslope","cropland",1,0,0,0,1,0,0,0,0,0,0,0,"annual_crop"
"219","uuid:9f59ebb3-3e12-4b1a-a9bc-3bc0b2f9408d","sri_lanka","laggala",6,12,"laggala_6_12",80.8466,7.62895,2024,1,"footslope","cropland",1,0,0,0,1,0,0,0,0,0,0,0,"annual_crop"
"220","uuid:303743df-7f27-4b96-bfbc-2b8d87696f16","sri_lanka","laggala",6,13,"laggala_6_13",80.8389,7.62904,2024,0,"footslope","cropland",1,0,0,0,1,0,0,0,0,0,0,0,"annual_crop"
"221","uuid:d41b3fec-ba7d-4dac-b281-f1310a6412e0","sri_lanka","laggala",6,15,"laggala_6_15",80.8413,7.62361,2024,1,"footslope","other",1,0,1,1,0,0,0,0,0,0,0,0,"annual_crop"
"222","uuid:f42fc606-63ba-4d2f-8a82-62a895a78ea4","sri_lanka","laggala",7,1,"laggala_7_1",80.8465,7.64992,2024,0,"bottomland","freshwater_aquatic",1,0,1,1,0,0,0,0,0,0,0,1,"protected_area"
"223","uuid:41908254-575a-4cc8-a086-df1583e96136","sri_lanka","laggala",7,3,"laggala_7_3",80.8452,7.64255,2024,0,"bottomland","wooded_grassland",1,0,1,1,0,0,0,1,1,0,0,0,"other"
"224","uuid:71150731-95d5-4b2f-ab1c-60cdcfa5ca29","sri_lanka","laggala",7,5,"laggala_7_5",80.8417,7.64336,2024,0,"footslope","grassland",1,1,1,1,0,0,1,0,1,0,0,0,"other"
"225","uuid:5688908a-1c36-4d5b-8a7f-9b5c9dc23bc1","sri_lanka","laggala",7,6,"laggala_7_6",80.84,7.64093,2024,0,"bottomland","grassland",0,0,1,1,0,0,1,0,1,0,0,0,"other"
"226","uuid:16dac684-6ad2-4eec-bb37-973af2ea0483","sri_lanka","laggala",7,7,"laggala_7_7",80.848,7.64952,2024,0,"footslope","forest",1,0,1,1,0,1,0,0,0,0,0,0,"protected_area"
"227","uuid:cc8c62be-caf6-419f-b673-8f0140fbb635","sri_lanka","laggala",7,9,"laggala_7_9",80.8482,7.64882,2024,0,"footslope","forest",1,1,1,1,0,1,0,0,0,0,0,0,"protected_area"
"228","uuid:268fa303-1725-4d20-bff9-85d6399398ea","sri_lanka","laggala",7,10,"laggala_7_10",80.8431,7.6472,2024,0,"bottomland","bushland",0,0,1,1,0,0,0,0,0,1,0,0,"other"
"229","uuid:44d6387a-ed9d-45cc-b5a4-c8452e80bd5f","sri_lanka","laggala",7,12,"laggala_7_12",80.8453,7.64042,2024,0,"bottomland","forest",1,0,1,1,0,1,0,0,0,0,0,0,"protected_area"
"230","uuid:7e97bc25-00fd-4ead-9cf8-6d22319f4a75","sri_lanka","laggala",7,13,"laggala_7_13",80.8396,7.64145,2024,1,"bottomland","wooded_grassland",0,1,1,1,0,0,0,1,1,0,0,0,"woodlot"
"231","uuid:cb1e770d-dff7-445d-b2bb-6ce027e212b6","sri_lanka","laggala",7,15,"laggala_7_15",80.8445,7.64699,2024,0,"bottomland","grassland",1,0,0,1,0,0,1,0,1,0,0,0,"other"
"232","uuid:d130fb11-5353-4040-b785-a731c54c41ac","sri_lanka","laggala",8,2,"laggala_8_2",80.8456,7.67266,2024,0,"bottomland","grassland",1,0,1,1,0,0,1,0,1,0,0,0,"other"
"233","uuid:7b228b57-6696-44f4-96cd-3f9e47f5c990","sri_lanka","laggala",8,3,"laggala_8_3",80.8451,7.67367,2024,1,"footslope","cropland",0,0,0,0,1,0,0,0,0,0,0,0,"annual_crop"
"234","uuid:39e34e1d-9ad7-405f-82a3-9fb4e8ddcbab","sri_lanka","laggala",8,4,"laggala_8_4",80.8481,7.66922,2024,0,"bottomland","cropland",0,0,0,0,1,0,0,0,0,0,0,0,"annual_crop"
"235","uuid:ed0f9abd-0fce-4c4e-b82a-009af86f477d","sri_lanka","laggala",8,5,"laggala_8_5",80.8495,7.66972,2024,0,"bottomland","grassland",0,1,1,1,0,0,1,0,1,0,0,0,"other"
"236","uuid:1ef69d40-ff6b-42ca-ac73-890bccc6979c","sri_lanka","laggala",8,6,"laggala_8_6",80.845,7.67105,2024,1,"bottomland","wooded_grassland",0,0,1,1,0,0,0,1,1,0,0,0,"woodlot"
"237","uuid:c91fd988-70c0-41cf-9a6a-ea862313be47","sri_lanka","laggala",8,7,"laggala_8_7",80.851,7.66969,2024,0,"bottomland","wooded_grassland",1,1,1,1,0,0,0,1,1,0,0,0,"protected_area"
"238","uuid:23ebb4b0-f2db-4c74-91b6-2f3fa5d7b499","sri_lanka","laggala",8,8,"laggala_8_8",80.8478,7.66959,2024,0,"bottomland","cropland",0,0,0,0,1,0,0,0,0,0,0,0,"annual_crop"
"239","uuid:c30d6018-2c49-4a70-a32e-7dd394495f4f","sri_lanka","laggala",8,9,"laggala_8_9",80.8434,7.67372,2024,1,"footslope","cropland",0,0,0,0,1,0,0,0,0,0,0,0,"annual_crop"
"240","uuid:8f376d5e-f385-402d-9255-c51cc251cd28","sri_lanka","laggala",8,10,"laggala_8_10",80.8491,7.6706,2024,0,"bottomland","grassland",0,1,1,0,0,0,1,0,1,0,0,0,"other"
"241","uuid:eb44768f-2262-4627-9806-e530d1d3f490","sri_lanka","laggala",8,12,"laggala_8_12",80.8479,7.66735,2024,0,"bottomland","grassland",0,1,1,1,0,0,1,0,1,0,0,0,"other"
"242","uuid:d0df055a-e0d5-40a2-9ecd-a28f086ce63e","sri_lanka","laggala",9,2,"laggala_9_2",80.8691,7.59766,2024,0,"midslope","forest",1,1,1,1,0,1,0,0,0,0,0,0,"protected_area"
"243","uuid:91218651-b731-4b1a-867c-d7b689f13c91","sri_lanka","laggala",9,3,"laggala_9_3",80.869,7.60431,2024,0,"midslope","forest",0,1,1,1,0,1,0,0,0,0,0,0,"protected_area"
"244","uuid:f47d5d95-e5cf-44c2-b855-473a879506d1","sri_lanka","laggala",9,4,"laggala_9_4",80.8704,7.59734,2024,0,"midslope","forest",0,1,1,1,0,1,0,0,0,0,0,0,"protected_area"
"245","uuid:b1cfaf3f-9593-4bd6-8132-35089dfb6be6","sri_lanka","laggala",9,5,"laggala_9_5",80.8674,7.60049,2024,0,"midslope","forest",1,1,1,1,0,1,0,0,0,0,0,0,"protected_area"
"246","uuid:f5e607c2-036f-4fd1-a71d-631459a8b0e5","sri_lanka","laggala",9,7,"laggala_9_7",80.8679,7.6026,2024,0,"midslope","forest",1,1,1,1,0,1,0,0,0,0,0,0,"protected_area"
"247","uuid:3af6fae4-2dda-4770-ba51-7ef0b9d8f83f","sri_lanka","laggala",9,8,"laggala_9_8",80.8718,7.60285,2024,0,"midslope","forest",0,1,1,1,0,1,0,0,0,0,0,0,"protected_area"
"248","uuid:73054a8c-10d6-4a9b-9b81-c2cf16477362","sri_lanka","laggala",9,9,"laggala_9_9",80.8696,7.59464,2024,0,"midslope","thicket",1,1,1,1,0,0,0,0,0,0,0,0,"protected_area"
"249","uuid:e3a2637c-5596-4921-883d-fafc76b463d8","sri_lanka","laggala",9,12,"laggala_9_12",80.8686,7.59466,2024,0,"midslope","forest",1,1,1,1,0,1,0,0,0,0,0,0,"protected_area"
"250","uuid:a7a58a46-872f-48a8-8f7a-65eb091dfc7d","sri_lanka","laggala",9,13,"laggala_9_13",80.8702,7.5978,2024,0,"midslope","forest",0,1,1,1,0,1,0,0,0,0,0,0,"protected_area"
"251","uuid:9ec7e628-d468-439a-8dcd-58c74c558cdc","sri_lanka","laggala",9,14,"laggala_9_14",80.8681,7.60326,2024,0,"midslope","forest",1,0,1,1,0,1,0,0,0,0,0,0,"protected_area"
"252","uuid:8192a57b-ce6a-4af1-a87c-e0f5c972e215","sri_lanka","laggala",10,1,"laggala_10_1",80.8583,7.61856,2024,1,"footslope","cropland",0,0,0,0,1,0,0,0,0,0,0,0,"annual_crop"
"253","uuid:87e3889b-a67c-4396-92a8-adba0e66df3c","sri_lanka","laggala",10,4,"laggala_10_4",80.8617,7.62004,2024,0,"midslope","forest",1,1,1,1,0,1,0,0,0,0,0,0,"protected_area"
"254","uuid:0ac3d290-dffb-4cc9-a307-c5c37927cfa5","sri_lanka","laggala",10,5,"laggala_10_5",80.8572,7.62435,2024,1,"footslope","cropland",0,0,0,0,1,0,0,0,0,0,0,0,"annual_crop"
"255","uuid:f9566005-1e88-4be3-a017-c522f1baa394","sri_lanka","laggala",10,8,"laggala_10_8",80.8568,7.61753,2024,0,"footslope","grassland",1,0,1,1,0,0,1,0,1,0,0,0,"fallow"
"256","uuid:4219661e-118f-45a7-b024-cb7c7e8fc4b4","sri_lanka","laggala",10,9,"laggala_10_9",80.8579,7.62039,2024,1,"footslope","cropland",0,0,0,0,1,0,0,0,0,0,0,0,"annual_crop"
"257","uuid:9aa52d43-c133-434c-866c-2a06a34e9a57","sri_lanka","laggala",10,10,"laggala_10_10",80.8594,7.62205,2024,0,"midslope","forest",1,1,1,1,0,1,0,0,0,0,0,0,"protected_area"
"258","uuid:8b8bf796-ae24-45b5-ae77-6593e120e489","sri_lanka","laggala",10,11,"laggala_10_11",80.8619,7.61943,2024,0,"ridge_crest","thicket",1,1,1,1,0,0,0,0,0,0,0,0,"protected_area"
"259","uuid:99072caf-e98e-4666-bdb1-ef7f328e135d","sri_lanka","laggala",10,12,"laggala_10_12",80.8582,7.62193,2024,1,"footslope","cropland",0,0,0,0,1,0,0,0,0,0,0,0,"annual_crop"
"260","uuid:6dc60854-30e3-43d4-9018-cbb57a5c1009","sri_lanka","laggala",10,14,"laggala_10_14",80.8607,7.61567,2024,0,"footslope","forest",0,1,1,1,0,1,0,0,0,0,0,0,"protected_area"
"261","uuid:d13d55fa-0df8-4c39-bcad-bc823feebcee","sri_lanka","laggala",10,15,"laggala_10_15",80.8596,7.62044,2024,0,"midslope","forest",1,1,1,1,0,1,0,0,0,0,0,0,"protected_area"
"262","uuid:7d6d3b7c-e99b-4c62-86e1-c2392c4aabb6","sri_lanka","laggala",13,1,"laggala_13_1",80.8867,7.60283,2024,0,"footslope","forest",0,0,1,1,0,1,0,0,0,0,0,0,"protected_area"
"263","uuid:f383557c-79b8-4dd2-b169-f3e29bd240ef","sri_lanka","laggala",13,2,"laggala_13_2",80.8909,7.59946,2024,0,"footslope","forest",1,0,1,1,0,1,0,0,0,0,0,0,"protected_area"
"264","uuid:f9cb3583-cd9a-4a44-9b3b-4ff03f97e72d","sri_lanka","laggala",13,3,"laggala_13_3",80.8898,7.59736,2024,0,"footslope","grassland",1,0,0,0,0,0,1,0,1,0,0,0,"other"
"265","uuid:d92e799c-a3da-490e-95c0-06a8cc342edd","sri_lanka","laggala",13,4,"laggala_13_4",80.887,7.60432,2024,0,"footslope","forest",0,1,1,1,0,1,0,0,0,0,0,0,"protected_area"
"266","uuid:515123cb-b25a-423a-a7f9-48b3b5422b3f","sri_lanka","laggala",13,6,"laggala_13_6",80.8919,7.60108,2024,0,"footslope","forest",0,0,1,1,0,1,0,0,0,0,0,0,"protected_area"
"267","uuid:0f021949-2933-4a9e-a6fd-54687a084314","sri_lanka","laggala",13,9,"laggala_13_9",80.89,7.5981,2024,1,"footslope","wooded_grassland",1,1,1,1,0,0,0,1,1,0,0,0,"protected_area"
"268","uuid:b2bc1212-01cf-4fe5-8b36-dd45ed0fa707","sri_lanka","laggala",13,11,"laggala_13_11",80.8943,7.60387,2024,0,"footslope","forest",0,1,1,1,0,1,0,0,0,0,0,0,"protected_area"
"269","uuid:9d34c277-bb7d-4566-8142-ae32d8c96c61","sri_lanka","laggala",13,12,"laggala_13_12",80.8862,7.59912,2024,0,"footslope","forest",0,0,1,1,0,1,0,0,0,0,0,0,"protected_area"
"270","uuid:f4849847-cd47-4853-a8b1-8dc3f707d7de","sri_lanka","laggala",13,14,"laggala_13_14",80.8938,7.60276,2024,0,"footslope","forest",1,0,1,1,0,1,0,0,0,0,0,0,"protected_area"
"271","uuid:eb459657-5bf1-4ae1-a4e6-6733a61538be","sri_lanka","laggala",13,15,"laggala_13_15",80.8874,7.59957,2024,0,"footslope","grassland",1,1,0,1,0,0,1,0,1,0,0,0,"protected_area"
"272","uuid:1d562c09-b1a8-429f-9214-be1552e1c2d6","sri_lanka","laggala",14,1,"laggala_14_1",80.8893,7.62521,2024,0,"ridge_crest","bushland",0,1,1,1,0,0,0,0,0,1,0,0,"protected_area"
"273","uuid:8910efa7-5d50-436f-bad6-bba7091a3798","sri_lanka","laggala",14,3,"laggala_14_3",80.8965,7.62076,2024,0,"footslope","forest",1,1,1,1,0,1,0,0,0,0,0,0,"protected_area"
"274","uuid:42440146-1efc-49ff-aaab-316fdc6ec109","sri_lanka","laggala",14,4,"laggala_14_4",80.8956,7.62599,2024,0,"footslope","forest",0,1,1,1,0,1,0,0,0,0,0,0,"protected_area"
"275","uuid:42228634-0824-4c09-ab37-c4db5f825d1a","sri_lanka","laggala",14,5,"laggala_14_5",80.8974,7.61746,2024,0,"footslope","forest",0,1,1,1,0,1,0,0,0,0,0,0,"protected_area"
"276","uuid:3a239a38-cfbd-4969-a6d5-ce596f8437f1","sri_lanka","laggala",14,6,"laggala_14_6",80.896,7.6207,2024,0,"footslope","thicket",0,1,1,1,0,0,0,0,0,0,0,0,"protected_area"
"277","uuid:c16c8176-541a-4f6a-be5d-6956adc9871c","sri_lanka","laggala",14,7,"laggala_14_7",80.897,7.62539,2024,0,"footslope","forest",0,1,1,1,0,1,0,0,0,0,0,0,"protected_area"
"278","uuid:1c5bac58-a7ae-48aa-a374-ac5014006782","sri_lanka","laggala",14,11,"laggala_14_11",80.8966,7.62044,2024,0,"footslope","forest",0,1,1,1,0,1,0,0,0,0,0,0,"protected_area"
"279","uuid:fc288a4f-cbe8-44b2-b8f4-4811b4d51658","sri_lanka","laggala",14,12,"laggala_14_12",80.8961,7.61902,2024,0,"footslope","forest",0,1,1,1,0,1,0,0,0,0,0,0,"protected_area"
"280","uuid:bcc6d2b0-e248-4e05-8cc7-a307c1956ebb","sri_lanka","laggala",14,13,"laggala_14_13",80.8966,7.62741,2024,0,"footslope","bushland",1,1,1,1,0,0,0,0,0,1,0,0,"protected_area"
"281","uuid:752191ed-473a-443b-b864-a18c7d6af741","sri_lanka","laggala",14,14,"laggala_14_14",80.8921,7.62586,2024,0,"footslope","forest",1,1,1,1,0,1,0,0,0,0,0,0,"protected_area"
"282","uuid:c7d2db1b-db2e-4b63-bb63-93c22f2edc1f","sri_lanka","laggala",15,2,"laggala_15_2",80.8955,7.64166,2024,0,"footslope","bushland",0,1,1,1,0,0,0,0,0,1,0,0,"protected_area"
"283","uuid:12f78d65-3123-4197-8603-2fb7cf877426","sri_lanka","laggala",15,5,"laggala_15_5",80.8924,7.64128,2024,0,"midslope","forest",0,1,1,1,0,1,0,0,0,0,0,0,"protected_area"
"284","uuid:03cf1dd1-6d2b-4983-8644-616806d0d20c","sri_lanka","laggala",15,7,"laggala_15_7",80.8979,7.63914,2024,0,"footslope","forest",0,1,1,1,0,1,0,0,0,0,0,0,"protected_area"
"285","uuid:e0fed12f-af8a-448d-b19e-547d4fd9187b","sri_lanka","laggala",15,9,"laggala_15_9",80.8973,7.64598,2024,0,"midslope","other",0,1,1,1,0,0,0,0,0,0,0,0,"protected_area"
"286","uuid:4f19c435-0810-47f8-8253-bfd631e52ae1","sri_lanka","laggala",15,10,"laggala_15_10",80.8978,7.64047,2024,0,"footslope","forest",0,1,1,1,0,1,0,0,0,0,0,0,"protected_area"
"287","uuid:6ef121be-13b5-49a3-a4b7-fd1e09330dfd","sri_lanka","laggala",15,11,"laggala_15_11",80.8979,7.64555,2024,0,"footslope","forest",0,0,1,1,0,1,0,0,0,0,0,0,"protected_area"
"288","uuid:08a4f102-15d3-4fa3-9361-ce4b83f588c7","sri_lanka","laggala",15,12,"laggala_15_12",80.8953,7.64438,2024,0,"midslope","other",0,1,1,1,0,0,0,0,0,0,0,0,"protected_area"
"289","uuid:320708c8-b325-4d90-b715-dd51936b647d","sri_lanka","laggala",15,13,"laggala_15_13",80.8955,7.6384,2024,0,"footslope","forest",0,1,1,1,0,1,0,0,0,0,0,0,"protected_area"
"290","uuid:c0004393-a40f-445d-8595-30ebd592b782","sri_lanka","laggala",15,14,"laggala_15_14",80.8957,7.64537,2024,0,"midslope","bushland",0,1,1,1,0,0,0,0,0,1,0,0,"protected_area"
"291","uuid:fa2b0997-13f2-4ec2-b49e-e3b12543face","sri_lanka","laggala",15,15,"laggala_15_15",80.8949,7.64592,2024,0,"ridge_crest","bushland",0,1,1,1,0,0,0,0,0,1,0,0,"protected_area"
"292","uuid:9bcf0ee6-e722-4f5e-81f7-044abd0aaf6e","sri_lanka","laggala",16,1,"laggala_16_1",80.8927,7.66484,2024,0,"ridge_crest","forest",1,1,1,1,0,1,0,0,0,0,0,0,"protected_area"
"293","uuid:f5b33dd4-6cc0-4bd0-9773-535e15b102a7","sri_lanka","laggala",16,3,"laggala_16_3",80.8954,7.6666,2024,0,"ridge_crest","forest",1,1,1,1,0,1,0,0,0,0,0,0,"protected_area"
"294","uuid:9672d771-d056-4222-aa57-f8ebe8a29773","sri_lanka","laggala",16,4,"laggala_16_4",80.8935,7.66337,2024,0,"footslope","forest",1,1,1,1,0,1,0,0,0,0,0,0,"protected_area"
"295","uuid:4521ee6d-19f2-4455-9892-473556725822","sri_lanka","laggala",16,7,"laggala_16_7",80.8936,7.6703,2024,0,"footslope","forest",1,1,1,1,0,1,0,0,0,0,0,0,"protected_area"
"296","uuid:b748c33c-d58e-45b6-8329-a9ceb00e5ec6","sri_lanka","laggala",16,8,"laggala_16_8",80.8923,7.66971,2024,0,"ridge_crest","forest",0,1,1,1,0,1,0,0,0,0,0,0,"protected_area"
"297","uuid:037ccfd7-2837-4b44-8ce4-bc3d040c6ad9","sri_lanka","laggala",16,9,"laggala_16_9",80.8908,7.66961,2024,0,"midslope","bushland",1,1,1,1,0,0,0,0,0,1,0,0,"protected_area"
"298","uuid:d79a844e-2731-4c44-b76f-759242e38c2e","sri_lanka","laggala",16,12,"laggala_16_12",80.892,7.66318,2024,0,"midslope","forest",0,1,1,1,0,1,0,0,0,0,0,0,"protected_area"
"299","uuid:bcc331c0-1fbe-4f69-99b2-31b87bb1eafb","sri_lanka","laggala",16,13,"laggala_16_13",80.8891,7.67157,2024,0,"footslope","forest",0,0,1,1,0,1,0,0,0,0,0,0,"protected_area"
"300","uuid:7fd1d594-8e73-438e-ac03-d95de3df6862","sri_lanka","laggala",16,14,"laggala_16_14",80.8959,7.66646,2024,0,"footslope","forest",0,1,1,1,0,1,0,0,0,0,0,0,"protected_area"
"301","uuid:053cfe4d-1205-4ffd-aae8-c7a06cd3c149","sri_lanka","laggala",16,15,"laggala_16_15",80.8915,7.66816,2024,0,"midslope","bushland",1,1,1,1,0,0,0,0,0,1,0,0,"protected_area"
"302","uuid:46090464-aa9d-461c-b95b-360a18602958","sri_lanka","matale",1,1,"matale_1_1",80.6035,7.52386,2021,1,"footslope","cropland",0,0,0,0,1,0,0,0,0,0,0,0,"annual_crop"
"303","uuid:44ffbc78-ca77-4bc0-be29-99292437f1b7","sri_lanka","matale",1,2,"matale_1_2",80.5976,7.5292,2021,1,"footslope","bushland",0,0,1,1,0,0,0,0,0,1,0,0,"perennial_agroforestry"
"304","uuid:ec983140-2e3d-4f62-939e-05778294746b","sri_lanka","matale",1,4,"matale_1_4",80.6015,7.52744,2021,1,"footslope","bushland",0,0,1,1,0,0,0,0,0,1,0,0,"fallow"
"305","uuid:2f56a820-ae76-46e0-a797-6a996b6a3fe7","sri_lanka","matale",1,5,"matale_1_5",80.6005,7.52233,2021,1,"footslope","bushland",0,0,1,1,0,0,0,0,0,1,0,0,"woodlot"
"306","uuid:4fdb5c1b-19fa-4d2c-8a9d-8c16a7376404","sri_lanka","matale",1,7,"matale_1_7",80.6029,7.52471,2021,1,"footslope","cropland",0,0,0,1,1,0,0,0,0,0,0,0,"annual_crop"
"307","uuid:7d5394f1-8587-4141-b944-5bc62da8f1b2","sri_lanka","matale",1,8,"matale_1_8",80.5987,7.52077,2021,1,"footslope","bushland",0,0,1,1,0,0,0,0,0,1,0,0,"annual_agroforestry"
"308","uuid:25df1770-0353-404d-81ec-2d5fe1d36912","sri_lanka","matale",1,11,"matale_1_11",80.6043,7.52126,2021,0,"footslope","forest",0,0,1,1,0,1,0,0,0,0,0,0,"fallow"
"309","uuid:4f72440b-6494-4771-9d70-0c8cb46c49e6","sri_lanka","matale",1,12,"matale_1_12",80.6018,7.52109,2021,1,"footslope","other",0,1,1,1,0,0,0,0,0,0,0,0,"perennial_crop"
"310","uuid:74e31922-9dac-4e1e-b5ff-01ec41050089","sri_lanka","matale",1,15,"matale_1_15",80.602,7.52601,2021,1,"footslope","cropland",0,0,1,0,1,0,0,0,0,0,0,0,"annual_crop"
"311","uuid:f127f574-6b2a-4aec-8e5c-5778963852f8","sri_lanka","matale",2,0,"matale_2_0",80.607,7.5441,2021,0,"footslope","woodland",0,1,1,1,0,0,0,0,0,0,0,0,"fallow"
"312","uuid:5c65c03f-0a66-4131-b920-170554f3a72f","sri_lanka","matale",2,1,"matale_2_1",80.6062,7.54534,2021,1,"footslope","bushland",1,0,1,1,0,0,0,0,0,1,0,0,"fallow"
"313","uuid:e087558d-8043-416d-8c64-cf30cb336f58","sri_lanka","matale",2,4,"matale_2_4",80.6071,7.54833,2021,1,"footslope","woodland",0,0,1,1,0,0,0,0,0,0,0,0,"perennial_agroforestry"
"314","uuid:50eb65c2-b5a6-47eb-8717-4361dbf10282","sri_lanka","matale",2,5,"matale_2_5",80.6049,7.54955,2021,1,"midslope","other",0,1,1,1,0,0,0,0,0,0,0,0,"fallow"
"315","uuid:5da9fb39-a457-49a3-9c25-cca440b08c05","sri_lanka","matale",2,6,"matale_2_6",80.6035,7.54823,2021,1,"midslope","woodland",0,0,1,1,0,0,0,0,0,0,0,0,"fallow"
"316","uuid:0ce13bce-2915-4308-8044-8ccbcdf53287","sri_lanka","matale",2,7,"matale_2_7",80.6077,7.54722,2021,1,"midslope","forest",0,0,1,1,0,1,0,0,0,0,0,0,"fallow"
"317","uuid:dc040083-7f1c-46df-b73a-37d7068d1d14","sri_lanka","matale",2,9,"matale_2_9",80.6063,7.54757,2021,1,"midslope","woodland",0,0,1,1,0,0,0,0,0,0,0,0,"perennial_agroforestry"
"318","uuid:3b53b348-d197-4aa3-a906-cf8309a22402","sri_lanka","matale",2,11,"matale_2_11",80.6035,7.54777,2021,1,"midslope","shrubland",0,0,1,1,0,0,0,0,0,0,1,0,"perennial_agroforestry"
"319","uuid:4477019a-4747-480c-8cf6-33ff846d0122","sri_lanka","matale",2,13,"matale_2_13",80.6071,7.54605,2021,0,"midslope","bushland",0,0,1,1,0,0,0,0,0,1,0,0,"fallow"
"320","uuid:5fb01a7c-206b-4c01-abb7-8198dd30d792","sri_lanka","matale",2,14,"matale_2_14",80.6094,7.54639,2021,1,"upland","cropland",1,0,1,1,1,0,0,0,0,0,0,0,"annual_agroforestry"
"321","uuid:ff3840dd-1102-4367-bd14-8a350e529c98","sri_lanka","matale",3,1,"matale_3_1",80.608,7.57037,2021,1,"ridge_crest","bushland",1,1,1,1,0,0,0,0,0,1,0,0,"perennial_crop"
"322","uuid:bf5a89a1-b3c9-4dab-bac6-1533b190f285","sri_lanka","matale",3,2,"matale_3_2",80.6072,7.56281,2021,1,"footslope","woodland",1,0,1,1,0,0,0,0,0,0,0,0,"perennial_crop"
"323","uuid:b4aba014-eca7-4c30-a169-d15d36268b41","sri_lanka","matale",3,4,"matale_3_4",80.6032,7.56911,2021,1,"bottomland","woodland",0,0,1,1,0,0,0,0,0,0,0,0,"perennial_crop"
"324","uuid:a7ac0c30-d79a-4104-8940-21f92ef200c3","sri_lanka","matale",3,5,"matale_3_5",80.6126,7.56851,2021,1,"footslope","bushland",1,0,0,0,0,0,0,0,0,1,0,0,"perennial_agroforestry"
"325","uuid:ccbb62e3-32f9-4057-874e-06243dc76316","sri_lanka","matale",3,6,"matale_3_6",80.6126,7.56249,2021,1,"midslope","bushland",1,0,1,1,0,0,0,0,0,1,0,0,"perennial_agroforestry"
"326","uuid:a4b90f45-e662-4c4e-b1e0-ac23a8c1bb82","sri_lanka","matale",3,7,"matale_3_7",80.607,7.56424,2021,1,"footslope","cropland",1,0,0,1,1,0,0,0,0,0,0,0,"annual_crop"
"327","uuid:60fb670f-72c6-419a-b095-0006b6944a7d","sri_lanka","matale",3,8,"matale_3_8",80.6053,7.56423,2021,1,"footslope","bushland",1,0,1,1,0,0,0,0,0,1,0,0,"perennial_crop"
"328","uuid:552d55a8-26b4-41c1-a1d3-fef379733fbb","sri_lanka","matale",3,11,"matale_3_11",80.6078,7.57111,2021,1,"midslope","woodland",1,0,1,1,0,0,0,0,0,0,0,0,"perennial_crop"
"329","uuid:78c3eb99-dbe0-40ec-a344-cbe0a99d6596","sri_lanka","matale",3,13,"matale_3_13",80.6057,7.56462,2021,1,"footslope","cropland",0,0,0,0,1,0,0,0,0,0,0,0,"annual_crop"
"330","uuid:6fadae62-7343-4691-80d6-aaa440e315f8","sri_lanka","matale",3,14,"matale_3_14",80.6082,7.57141,2021,1,"midslope","bushland",1,0,1,1,0,0,0,0,0,1,0,0,"perennial_crop"
"331","uuid:b51d2a0d-88e9-4d7e-abb3-e435e6765275","sri_lanka","matale",4,3,"matale_4_3",80.6134,7.58271,2021,1,"footslope","woodland",1,0,1,1,0,0,0,0,0,0,0,0,"perennial_crop"
"332","uuid:700f84dd-7c83-4f9a-8f04-026ea41262cf","sri_lanka","matale",4,4,"matale_4_4",80.6114,7.58833,2021,1,"footslope","bushland",1,0,1,1,0,0,0,0,0,1,0,0,"fallow"
"333","uuid:b9580be5-72ec-4e98-bbf4-93f29a2fdc25","sri_lanka","matale",4,5,"matale_4_5",80.6044,7.5811,2021,1,"footslope","cropland",0,0,0,0,1,0,0,0,0,0,0,0,"annual_crop"
"334","uuid:2dc52806-367d-4aa1-a75b-e8cee84f9238","sri_lanka","matale",4,6,"matale_4_6",80.6095,7.58619,2021,1,"bottomland","cropland",0,0,0,0,1,0,0,0,0,0,0,0,"annual_crop"
"335","uuid:a334705f-0794-4c3b-9a1f-cf0b199742b4","sri_lanka","matale",4,8,"matale_4_8",80.6106,7.58241,2021,1,"bottomland","cropland",0,0,0,1,1,0,0,0,0,0,0,0,"annual_crop"
"336","uuid:85c571c6-1699-4514-bffd-5fc8bf68d45d","sri_lanka","matale",4,9,"matale_4_9",80.6049,7.58513,2021,1,"bottomland","other",0,0,1,1,0,0,0,0,0,0,0,0,"perennial_agroforestry"
"337","uuid:f2265ce0-c79e-47ef-a930-3522d18d961c","sri_lanka","matale",4,11,"matale_4_11",80.6124,7.58548,2021,1,"bottomland","cropland",1,0,0,0,1,0,0,0,0,0,0,0,"annual_crop"
"338","uuid:545244d4-256a-4889-9c0d-0acbae69dce0","sri_lanka","matale",4,12,"matale_4_12",80.6064,7.58233,2021,1,"bottomland","woodland",0,0,1,1,0,0,0,0,0,0,0,0,"perennial_agroforestry"
"339","uuid:69e7220c-c5bb-4ac0-a1a9-98d480c4d509","sri_lanka","matale",4,13,"matale_4_13",80.613,7.58944,2021,1,"bottomland","thicket",0,0,1,1,0,0,0,0,0,0,0,0,"fallow"
"340","uuid:868131db-8ae0-4387-9029-f58dc240f006","sri_lanka","matale",4,14,"matale_4_14",80.6121,7.58993,2021,1,"bottomland","woodland",0,0,1,0,0,0,0,0,0,0,0,0,"perennial_crop"
"341","uuid:c8c905df-c11c-422b-853c-ce85699c7503","sri_lanka","matale",5,1,"matale_5_1",80.6294,7.51818,2021,1,"bottomland","bushland",0,0,1,1,0,0,0,0,0,1,0,0,"perennial_agroforestry"
"342","uuid:5b128a72-614e-41fb-90b4-1e16aefb0ffb","sri_lanka","matale",5,3,"matale_5_3",80.6225,7.51894,2021,1,"footslope","woodland",0,0,1,1,0,0,0,0,0,0,0,0,"perennial_agroforestry"
"343","uuid:12786e43-a8d6-414a-b1c4-40b6d9767f9a","sri_lanka","matale",5,4,"matale_5_4",80.6229,7.52098,2021,1,"bottomland","woodland",0,0,1,0,0,0,0,0,0,0,0,0,"perennial_crop"
"344","uuid:c74abe4e-fab9-46b6-b673-dce8da833a15","sri_lanka","matale",5,6,"matale_5_6",80.6294,7.52063,2021,1,"footslope","woodland",0,0,1,1,0,0,0,0,0,0,0,0,"perennial_agroforestry"
"345","uuid:86b5f3d0-023f-4c7a-b5b6-918504112525","sri_lanka","matale",5,7,"matale_5_7",80.6285,7.51555,2021,1,"footslope","bushland",0,0,1,1,0,0,0,0,0,1,0,0,"fallow"
"346","uuid:e7082399-dd11-44e9-958a-8bff8cc9bdd5","sri_lanka","matale",5,8,"matale_5_8",80.6272,7.51718,2021,1,"footslope","bushland",0,0,1,1,0,0,0,0,0,1,0,0,"perennial_crop"
"347","uuid:4b9d58b5-edc4-42c2-9498-1eb7c240790b","sri_lanka","matale",5,9,"matale_5_9",80.6284,7.51956,2021,1,"upland","thicket",0,1,1,1,0,0,0,0,0,0,0,0,"perennial_crop"
"348","uuid:986fc9b3-f178-450b-b825-65cd0848eb7a","sri_lanka","matale",5,12,"matale_5_12",80.6273,7.52299,2021,1,"bottomland","bushland",0,0,1,1,0,0,0,0,0,1,0,0,"perennial_agroforestry"
"349","uuid:07ce68ba-bad0-4b8d-8dbf-eb38bcaca376","sri_lanka","matale",5,13,"matale_5_13",80.6224,7.52349,2021,0,"footslope","other",0,0,1,0,0,0,0,0,0,0,0,0,"other"
"350","uuid:671715a1-4fb6-4939-b997-24128ddf3b70","sri_lanka","matale",5,15,"matale_5_15",80.6222,7.51648,2021,1,"footslope","woodland",0,0,1,1,0,0,0,0,0,0,0,0,"perennial_crop"
"351","uuid:e5baeeb4-7c7f-438d-8d36-ab66243d2e2a","sri_lanka","matale",6,1,"matale_6_1",80.6184,7.54554,2021,1,"midslope","thicket",0,0,1,1,0,0,0,0,0,0,0,0,"perennial_agroforestry"
"352","uuid:5c02f75b-5933-45a5-bec6-1df877cc13b1","sri_lanka","matale",6,2,"matale_6_2",80.6269,7.5402,2021,1,"bottomland","woodland",0,0,1,0,0,0,0,0,0,0,0,0,"woodlot"
"353","uuid:1f668a9c-c7d0-4d87-9564-cff0092ae863","sri_lanka","matale",6,5,"matale_6_5",80.6241,7.53811,2021,1,"footslope","woodland",0,0,1,1,0,0,0,0,0,0,0,0,"woodlot"
"354","uuid:d73e1cb0-aa56-418c-944a-eeacc21d1d99","sri_lanka","matale",6,7,"matale_6_7",80.6249,7.54055,2021,1,"footslope","woodland",0,0,1,1,0,0,0,0,0,0,0,0,"woodlot"
"355","uuid:78b59d69-b055-4334-8750-bf6f3331ff85","sri_lanka","matale",6,10,"matale_6_10",80.62,7.53765,2021,0,"footslope","bushland",0,0,1,1,0,0,0,0,0,1,0,0,"annual_agroforestry"
"356","uuid:452c6018-bf8e-4ab7-a00e-5fe50c853de9","sri_lanka","matale",6,11,"matale_6_11",80.6242,7.5406,2021,1,"midslope","woodland",0,0,1,0,0,0,0,0,0,0,0,0,"woodlot"
"357","uuid:537f6d68-6b64-44d8-b6f8-4cf51d12214a","sri_lanka","matale",6,12,"matale_6_12",80.6263,7.54599,2021,1,"midslope","bushland",0,0,1,1,0,0,0,0,0,1,0,0,"perennial_crop"
"358","uuid:d1f0bd4e-755c-472c-8432-0e3d1cb4ecc6","sri_lanka","matale",6,13,"matale_6_13",80.6217,7.5454,2021,1,"bottomland","cropland",0,0,0,0,1,0,0,0,0,0,0,0,"annual_crop"
"359","uuid:57343443-ef72-4860-8696-1c1a2cffcb95","sri_lanka","matale",6,14,"matale_6_14",80.6234,7.54604,2021,1,"midslope","bushland",0,0,1,1,0,0,0,0,0,1,0,0,"perennial_crop"
"360","uuid:477e02e3-44f0-416d-a58b-7958a1ca8c83","sri_lanka","matale",6,15,"matale_6_15",80.6242,7.53964,2021,1,"midslope","woodland",0,0,1,1,0,0,0,0,0,0,0,0,"woodlot"
"361","uuid:aa55455e-de7b-4e9f-96b4-5d18bf78fbad","sri_lanka","matale",7,1,"matale_7_1",80.6245,7.56666,2021,1,"bottomland","bushland",1,0,1,1,0,0,0,0,0,1,0,0,"perennial_crop"
"362","uuid:4706cd6d-10e8-452f-a734-806a7cec173b","sri_lanka","matale",7,3,"matale_7_3",80.6238,7.56882,2021,1,"bottomland","woodland",0,0,1,1,0,0,0,0,0,0,0,0,"perennial_agroforestry"
"363","uuid:8c11b52f-59d1-4399-b725-7520003194c0","sri_lanka","matale",7,4,"matale_7_4",80.6174,7.56818,2021,1,"midslope","bushland",1,0,1,1,0,0,0,0,0,1,0,0,"fallow"
"364","uuid:8d0487eb-1716-4c2a-9ce7-731f7fc5b9c9","sri_lanka","matale",7,6,"matale_7_6",80.626,7.56038,2021,1,"upland","other",0,1,1,1,0,0,0,0,0,0,0,0,"perennial_crop"
"365","uuid:64703d22-7267-4acf-aa9a-3281c75ee39f","sri_lanka","matale",7,7,"matale_7_7",80.6249,7.56743,2021,1,"bottomland","woodland",0,0,1,1,0,0,0,0,0,0,0,0,"perennial_agroforestry"
"366","uuid:0c5903be-495c-4c85-8850-dcce61f60553","sri_lanka","matale",7,10,"matale_7_10",80.6198,7.5621,2021,1,"upland","other",0,1,1,1,0,0,0,0,0,0,0,0,"perennial_crop"
"367","uuid:1dc4d883-bd43-4879-9327-070ac836d76a","sri_lanka","matale",7,11,"matale_7_11",80.6248,7.56639,2021,1,"footslope","bushland",1,0,1,1,0,0,0,0,0,1,0,0,"perennial_crop"
"368","uuid:c319fc1d-f27d-4e60-b2ba-b0ba51f27399","sri_lanka","matale",7,12,"matale_7_12",80.6171,7.56716,2021,1,"footslope","cropland",0,0,0,0,1,0,0,0,0,0,0,0,"annual_crop"
"369","uuid:7d6efe08-c8d7-4105-ae3d-1994e29fe711","sri_lanka","matale",7,13,"matale_7_13",80.6212,7.56253,2021,1,"ridge_crest","bushland",0,1,1,1,0,0,0,0,0,1,0,0,"perennial_crop"
"370","uuid:078c671d-adc3-4b79-890f-c5de307886aa","sri_lanka","matale",7,14,"matale_7_14",80.6247,7.56813,2021,1,"bottomland","bushland",0,0,1,1,0,0,0,0,0,1,0,0,"perennial_crop"
"371","uuid:583494b4-5865-4986-a2eb-28084182e09f","sri_lanka","matale",8,1,"matale_8_1",80.629,7.5849,2021,1,"bottomland","bushland",0,0,1,0,0,0,0,0,0,1,0,0,"perennial_agroforestry"
"372","uuid:a4fb1a40-1e45-41d0-b113-574c0f0679ac","sri_lanka","matale",8,2,"matale_8_2",80.6243,7.58427,2021,1,"bottomland","bushland",0,0,1,0,0,0,0,0,0,1,0,0,"perennial_agroforestry"
"373","uuid:3bef1042-5d84-4449-bb4d-b74e4f0fc754","sri_lanka","matale",8,4,"matale_8_4",80.6266,7.58981,2021,1,"bottomland","woodland",0,0,1,1,0,0,0,0,0,0,0,0,"woodlot"
"374","uuid:2e55bdaa-9e75-4963-b5b7-1cb064663ccc","sri_lanka","matale",8,5,"matale_8_5",80.6224,7.58124,2021,1,"footslope","bushland",0,0,1,1,0,0,0,0,0,1,0,0,"fallow"
"375","uuid:4a88cd08-63c4-48a6-8b6b-83c0770f47f2","sri_lanka","matale",8,8,"matale_8_8",80.6254,7.58025,2021,1,"bottomland","woodland",0,0,1,0,0,0,0,0,0,0,0,0,"woodlot"
"376","uuid:7abae607-86b0-4fe8-b65f-3ba033233566","sri_lanka","matale",8,9,"matale_8_9",80.6269,7.58556,2021,1,"footslope","woodland",0,1,1,1,0,0,0,0,0,0,0,0,"perennial_agroforestry"
"377","uuid:91064387-c26b-4b22-b288-9b7634623387","sri_lanka","matale",8,10,"matale_8_10",80.623,7.58584,2021,0,"footslope","thicket",0,0,1,1,0,0,0,0,0,0,0,0,"fallow"
"378","uuid:b7d662eb-ccc2-45d0-8ac0-50e35fea339a","sri_lanka","matale",8,11,"matale_8_11",80.6299,7.58145,2021,1,"upland","bushland",0,1,1,1,0,0,0,0,0,1,0,0,"perennial_crop"
"379","uuid:b3002311-01ad-4a28-940d-f2cf6b1fa456","sri_lanka","matale",8,12,"matale_8_12",80.6271,7.58372,2021,1,"bottomland","bushland",0,0,1,1,0,0,0,0,0,1,0,0,"fallow"
"380","uuid:7fe15f78-5caa-4050-9936-d5bf8ce11233","sri_lanka","matale",8,14,"matale_8_14",80.6252,7.58456,2021,1,"footslope","bushland",0,0,1,1,0,0,0,0,0,1,0,0,"perennial_crop"
"381","uuid:911e610b-68b9-4997-954a-ad910e7b9f27","sri_lanka","matale",9,2,"matale_9_2",80.6543,7.51992,2021,1,"footslope","other",0,1,1,1,0,0,0,0,0,0,0,0,"perennial_crop"
"382","uuid:5a3cf8d4-c437-4453-aac1-68cb4222ee9c","sri_lanka","matale",9,3,"matale_9_3",80.6516,7.51875,2021,1,"bottomland","woodland",0,0,1,1,0,0,0,0,0,0,0,0,"woodlot"
"383","uuid:089af941-cf10-4e3b-9756-24ce9c06f5f9","sri_lanka","matale",9,4,"matale_9_4",80.6544,7.51496,2021,1,"footslope","bushland",0,0,1,0,0,0,0,0,0,1,0,0,"perennial_crop"
"384","uuid:d5441e25-4cf5-44a4-b472-ebfef53f69a2","sri_lanka","matale",9,5,"matale_9_5",80.6472,7.51509,2021,1,"footslope","cropland",0,0,1,0,1,0,0,0,0,0,0,0,"annual_crop"
"385","uuid:2fef9e79-0228-47a4-ab7e-628361de67d1","sri_lanka","matale",9,6,"matale_9_6",80.6456,7.51389,2021,1,"bottomland","bushland",0,0,1,1,0,0,0,0,0,1,0,0,"perennial_crop"
"386","uuid:a92e5da2-f0e5-4110-b5d6-e9322c336d6b","sri_lanka","matale",9,7,"matale_9_7",80.6473,7.5137,2021,1,"footslope","cropland",0,0,0,0,1,0,0,0,0,0,0,0,"annual_crop"
"387","uuid:56e01743-f53c-4e03-809e-4bd7ea6886b2","sri_lanka","matale",9,9,"matale_9_9",80.6453,7.51716,2021,1,"footslope","cropland",0,0,0,0,1,0,0,0,0,0,0,0,"annual_crop"
"388","uuid:9ac61ba0-70c1-453e-a477-ec9e53e12399","sri_lanka","matale",9,11,"matale_9_11",80.6545,7.5145,2021,1,"midslope","bushland",0,1,1,1,0,0,0,0,0,1,0,0,"perennial_crop"
"389","uuid:5e54e8ca-a7c8-46a5-890e-b0c55ef5a95f","sri_lanka","matale",9,13,"matale_9_13",80.6531,7.51939,2021,1,"midslope","woodland",0,1,1,1,0,0,0,0,0,0,0,0,"perennial_agroforestry"
"390","uuid:f0208ee3-97a8-4b29-bf4c-39e47599cb29","sri_lanka","matale",9,14,"matale_9_14",80.6526,7.515,2021,1,"upland","woodland",0,1,1,1,0,0,0,0,0,0,0,0,"woodlot"
"391","uuid:694e62fe-4eff-4914-afe8-4bcb275d952a","sri_lanka","matale",10,2,"matale_10_2",80.6526,7.54528,2021,1,"footslope","cropland",1,1,1,0,1,0,0,0,0,0,0,0,"annual_agroforestry"
"392","uuid:4c6f50f1-3bd2-484c-8752-b161a86707e2","sri_lanka","matale",10,3,"matale_10_3",80.6444,7.54765,2021,0,"midslope","wooded_grassland",0,0,1,0,0,0,0,1,1,0,0,0,"other"
"393","uuid:103491f5-b21c-44ab-ac80-e11d9c87f0a4","sri_lanka","matale",10,4,"matale_10_4",80.6453,7.5497,2021,0,"midslope","grassland",1,1,1,1,0,0,1,0,1,0,0,0,"fallow"
"394","uuid:6009fe53-8979-4eaf-9200-399ac973f5ce","sri_lanka","matale",10,5,"matale_10_5",80.6533,7.54211,2021,1,"bottomland","bushland",1,0,1,0,0,0,0,0,0,1,0,0,"perennial_crop"
"395","uuid:4565ce7a-8c1e-476b-b121-c4b85295155f","sri_lanka","matale",10,6,"matale_10_6",80.6447,7.54701,2021,1,"midslope","shrubland",0,0,1,1,0,0,0,0,0,0,1,0,"perennial_crop"
"396","uuid:f84bcdc8-199f-41fe-ac0a-ff6e2d9aafad","sri_lanka","matale",10,7,"matale_10_7",80.645,7.54592,2021,1,"midslope","woodland",0,0,1,1,0,0,0,0,0,0,0,0,"woodlot"
"397","uuid:979dd572-b6be-4a47-b985-edc6d631ce41","sri_lanka","matale",10,10,"matale_10_10",80.6451,7.54455,2021,0,"midslope","forest",0,1,1,1,0,1,0,0,0,0,0,0,"fallow"
"398","uuid:9af06ab9-1b7b-4e9b-9d2e-3c2850f195ba","sri_lanka","matale",10,13,"matale_10_13",80.6502,7.5445,2021,0,"bottomland","freshwater_aquatic",0,0,1,0,0,0,0,0,0,0,0,1,"protected_area"
"399","uuid:0bae3b9b-915a-4765-922a-6afcff147da3","sri_lanka","matale",10,14,"matale_10_14",80.6461,7.54983,2021,0,"midslope","grassland",1,1,0,0,0,0,1,0,1,0,0,0,"fallow"
"400","uuid:09ee2148-0f19-4432-8b92-65ac4cb08949","sri_lanka","matale",10,15,"matale_10_15",80.6478,7.5435,2021,1,"midslope","woodland",0,1,1,1,0,0,0,0,0,0,0,0,"perennial_agroforestry"
"401","uuid:786b5bae-d411-465f-b9ca-19d66ae985b8","sri_lanka","matale",11,1,"matale_11_1",80.6486,7.56485,2021,1,"midslope","bushland",0,1,1,1,0,0,0,0,0,1,0,0,"perennial_agroforestry"
"402","uuid:8ae14243-bb1f-4106-aea2-951c62c2de74","sri_lanka","matale",11,3,"matale_11_3",80.6495,7.56024,2021,1,"midslope","woodland",0,1,1,1,0,0,0,0,0,0,0,0,"perennial_agroforestry"
"403","uuid:ca1e5dbe-db8b-431b-b4e2-f484a740d26f","sri_lanka","matale",11,4,"matale_11_4",80.6517,7.56067,2021,1,"midslope","bushland",0,1,1,1,0,0,0,0,0,1,0,0,"perennial_agroforestry"
"404","uuid:983e2574-839c-4b45-8d57-ad15ec98a0ba","sri_lanka","matale",11,5,"matale_11_5",80.648,7.56577,2021,1,"footslope","woodland",0,0,1,1,0,0,0,0,0,0,0,0,"woodlot"
"405","uuid:b8ca3f70-888a-4198-8535-f437f262f3d3","sri_lanka","matale",11,6,"matale_11_6",80.6513,7.55908,2021,1,"footslope","bushland",0,1,1,1,0,0,0,0,0,1,0,0,"perennial_agroforestry"
"406","uuid:4b88612d-0979-4cc1-b09b-8bbd4b8e0a72","sri_lanka","matale",11,10,"matale_11_10",80.6558,7.562,2021,1,"footslope","woodland",0,0,1,1,0,0,0,0,0,0,0,0,"perennial_crop"
"407","uuid:08475c38-2b3b-4a23-900b-f86e2fd195d3","sri_lanka","matale",11,12,"matale_11_12",80.6487,7.56299,2021,1,"midslope","woodland",0,1,1,1,0,0,0,0,0,0,0,0,"woodlot"
"408","uuid:bbafb93c-7b5b-431b-b6e6-8e73ad29f07a","sri_lanka","matale",11,13,"matale_11_13",80.6511,7.56372,2021,1,"midslope","bushland",0,1,1,1,0,0,0,0,0,1,0,0,"perennial_crop"
"409","uuid:4857ab86-6c54-4e83-870a-3cf0fac4a053","sri_lanka","matale",11,14,"matale_11_14",80.6492,7.55971,2021,1,"midslope","woodland",0,1,1,1,0,0,0,0,0,0,0,0,"perennial_agroforestry"
"410","uuid:f7d46aef-9d13-4365-9c4c-afbd77357553","sri_lanka","matale",11,15,"matale_11_15",80.6515,7.55995,2021,1,"footslope","bushland",0,1,1,1,0,0,0,0,0,1,0,0,"perennial_agroforestry"
"411","uuid:2d9ebef0-2d6d-41fc-b6ae-727673afaac4","sri_lanka","matale",12,2,"matale_12_2",80.642,7.58546,2021,1,"upland","wooded_grassland",0,1,0,0,0,0,0,1,1,0,0,0,"perennial_crop"
"412","uuid:97364d14-7970-41d1-8a0a-1a6cfc4a55d3","sri_lanka","matale",12,3,"matale_12_3",80.6461,7.59306,2021,0,"footslope","grassland",0,1,0,0,0,0,1,0,1,0,0,0,"fallow"
"413","uuid:aa5b1242-6c8d-4d7e-8536-ca9d0acad4d9","sri_lanka","matale",12,6,"matale_12_6",80.6502,7.59322,2021,1,"footslope","woodland",0,1,1,1,0,0,0,0,0,0,0,0,"perennial_agroforestry"
"414","uuid:650b4121-4254-4a89-93bc-752606db55c1","sri_lanka","matale",12,7,"matale_12_7",80.646,7.59004,2021,1,"midslope","thicket",0,1,0,1,0,0,0,0,0,0,0,0,"fallow"
"415","uuid:5faa71ce-164c-4182-9c64-e3d3cdb31c6e","sri_lanka","matale",12,8,"matale_12_8",80.6462,7.59361,2021,0,"midslope","grassland",0,1,0,0,0,0,1,0,1,0,0,0,"fallow"
"416","uuid:96a991de-004d-4bf4-975c-3543d5b1e7c2","sri_lanka","matale",12,10,"matale_12_10",80.6404,7.58885,2021,0,"midslope","grassland",0,1,0,0,0,0,1,0,1,0,0,0,"pasture_rangeland"
"417","uuid:cbbf69ff-313e-4241-8cb3-9804a3ebea9e","sri_lanka","matale",12,11,"matale_12_11",80.6457,7.5866,2021,0,"footslope","bushland",0,1,1,1,0,0,0,0,0,1,0,0,"other"
"418","uuid:d3ebe350-dd32-47a4-99f0-e6d7f4b6f8c7","sri_lanka","matale",12,12,"matale_12_12",80.6455,7.58989,2021,0,"midslope","grassland",0,1,0,0,0,0,1,0,1,0,0,0,"other"
"419","uuid:88efc2be-7b8b-4cc0-bc7c-0679028fe93f","sri_lanka","matale",12,14,"matale_12_14",80.6462,7.59379,2021,0,"midslope","grassland",0,1,0,0,0,0,1,0,1,0,0,0,"fallow"
"420","uuid:873d7777-9a05-4b88-8664-88dce305c740","sri_lanka","matale",12,15,"matale_12_15",80.6456,7.58729,2021,0,"bottomland","shrubland",0,1,0,1,0,0,0,0,0,0,1,0,"other"
"421","uuid:8bb8eafd-9587-4634-a545-70841c44dbe1","sri_lanka","matale",13,1,"matale_13_1",80.6636,7.52177,2021,0,"footslope","thicket",0,1,0,1,0,0,0,0,0,0,0,0,"fallow"
"422","uuid:115cd22d-3772-42c2-8a00-fbbd50191bf5","sri_lanka","matale",13,2,"matale_13_2",80.6629,7.51992,2021,1,"midslope","bushland",0,0,1,1,0,0,0,0,0,1,0,0,"perennial_crop"
"423","uuid:e1142c59-e134-4180-ac10-cdd4b9cca298","sri_lanka","matale",13,3,"matale_13_3",80.6682,7.52551,2021,0,"bottomland","freshwater_aquatic",0,1,1,1,0,0,0,0,0,0,0,1,"protected_area"
"424","uuid:389c2d6f-a610-4036-85ba-8add7c903ca3","sri_lanka","matale",13,7,"matale_13_7",80.6652,7.52297,2021,1,"footslope","woodland",0,0,1,0,0,0,0,0,0,0,0,0,"perennial_crop"
"425","uuid:98f21cbe-828d-4928-8e36-44c63fbcac61","sri_lanka","matale",13,8,"matale_13_8",80.6683,7.52491,2021,0,"footslope","forest",0,1,1,1,0,1,0,0,0,0,0,0,"protected_area"
"426","uuid:84abf52e-ca2c-46ed-80d2-f721cb38da21","sri_lanka","matale",13,10,"matale_13_10",80.6639,7.51804,2021,1,"footslope","bushland",0,0,1,1,0,0,0,0,0,1,0,0,"perennial_crop"
"427","uuid:00ad5989-390b-4899-8fb1-5c266e85f033","sri_lanka","matale",13,11,"matale_13_11",80.6666,7.51808,2021,0,"bottomland","grassland",0,1,0,0,0,0,1,0,1,0,0,0,"fallow"
"428","uuid:11f8875f-d88e-4d0d-8e94-eb36f7222497","sri_lanka","matale",13,12,"matale_13_12",80.6714,7.52448,2021,0,"footslope","other",0,1,1,1,0,0,0,0,0,0,0,0,"other"
"429","uuid:c150ebf9-a0f8-48e9-b284-dc7108638a69","sri_lanka","matale",13,14,"matale_13_14",80.663,7.5235,2021,1,"midslope","bushland",0,1,1,1,0,0,0,0,0,1,0,0,"perennial_crop"
"430","uuid:b1f3c4e9-9250-472f-a3c8-bc0d8c238dde","sri_lanka","matale",13,15,"matale_13_15",80.6713,7.51859,2021,1,"midslope","cropland",0,1,1,1,1,0,0,0,0,0,0,0,"annual_crop"
"431","uuid:3c5f2115-8764-41de-87c1-179c2cf9a765","sri_lanka","matale",14,1,"matale_14_1",80.6655,7.54733,2021,1,"midslope","bushland",0,0,1,0,0,0,0,0,0,1,0,0,"perennial_crop"
"432","uuid:1b0f8a2e-2e83-492e-a92e-33c8f0d690a2","sri_lanka","matale",14,2,"matale_14_2",80.6663,7.5473,2021,0,"bottomland","forest",0,1,1,1,0,1,0,0,0,0,0,0,"protected_area"
"433","uuid:6171763d-9a33-4fef-a908-9806fabbe401","sri_lanka","matale",14,3,"matale_14_3",80.6605,7.54165,2021,1,"footslope","woodland",0,0,1,0,0,0,0,0,0,0,0,0,"perennial_crop"
"434","uuid:a9cc5490-3397-4225-aa8f-aae262fd878f","sri_lanka","matale",14,4,"matale_14_4",80.6635,7.54319,2021,1,"footslope","bushland",0,0,1,1,0,0,0,0,0,1,0,0,"perennial_agroforestry"
"435","uuid:afa053b3-b163-40cc-bd65-2cdb2dd8dc2f","sri_lanka","matale",14,5,"matale_14_5",80.6632,7.54343,2021,1,"footslope","woodland",0,0,1,1,0,0,0,0,0,0,0,0,"perennial_crop"
"436","uuid:cb3ca328-2953-4698-a52e-602a43f24543","sri_lanka","matale",14,7,"matale_14_7",80.6602,7.54268,2021,1,"footslope","woodland",0,0,1,0,0,0,0,0,0,0,0,0,"perennial_crop"
"437","uuid:f6d791dd-c2f6-433b-8d59-f36108e30152","sri_lanka","matale",14,8,"matale_14_8",80.6696,7.54034,2021,0,"upland","thicket",0,1,1,1,0,0,0,0,0,0,0,0,"other"
"438","uuid:785905d6-8f52-4c18-b416-e72dd0311f3a","sri_lanka","matale",14,10,"matale_14_10",80.6655,7.53964,2021,1,"footslope","bushland",0,1,1,0,0,0,0,0,0,1,0,0,"perennial_crop"
"439","uuid:c4cf09f4-b710-400f-aa3a-d7f675471106","sri_lanka","matale",14,14,"matale_14_14",80.6602,7.54125,2021,1,"footslope","bushland",0,1,1,1,0,0,0,0,0,1,0,0,"perennial_crop"
"440","uuid:0477bc5f-1cd7-4d16-ad2e-38f6b1ae976a","sri_lanka","matale",14,15,"matale_14_15",80.6645,7.53863,2021,1,"footslope","bushland",0,0,1,1,0,0,0,0,0,1,0,0,"perennial_crop"
"441","uuid:cf406aea-f4c9-4e7a-9594-c8162fb99d7e","sri_lanka","matale",15,1,"matale_15_1",80.6738,7.57234,2021,1,"midslope","woodland",0,1,1,1,0,0,0,0,0,0,0,0,"perennial_agroforestry"
"442","uuid:0bf2fbc7-831a-44ae-b8a6-cd53a340378a","sri_lanka","matale",15,2,"matale_15_2",80.6728,7.566,2021,1,"upland","woodland",0,1,1,1,0,0,0,0,0,0,0,0,"perennial_agroforestry"
"443","uuid:824c59ae-cd47-46a4-a0e1-a24d775e3128","sri_lanka","matale",15,4,"matale_15_4",80.6763,7.57429,2021,1,"midslope","bushland",0,1,1,0,0,0,0,0,0,1,0,0,"perennial_crop"
"444","uuid:72ebbc7d-c89d-458a-8b1e-29746916bf85","sri_lanka","matale",15,6,"matale_15_6",80.6712,7.57175,2021,1,"midslope","bushland",1,1,1,1,0,0,0,0,0,1,0,0,"perennial_agroforestry"
"445","uuid:7c9ffa0f-4a51-4968-9dee-e9c87c0e27a5","sri_lanka","matale",15,7,"matale_15_7",80.6717,7.56775,2021,1,"footslope","cropland",1,1,0,0,1,0,0,0,0,0,0,0,"annual_crop"
"446","uuid:7bd5a231-9e1d-44eb-b3ac-91a52aa9e502","sri_lanka","matale",15,9,"matale_15_9",80.674,7.57077,2021,1,"midslope","woodland",0,1,1,0,0,0,0,0,0,0,0,0,"perennial_agroforestry"
"447","uuid:bf6fdff0-5f31-4311-be89-3699a688c0ff","sri_lanka","matale",15,10,"matale_15_10",80.6716,7.57212,2021,0,"midslope","forest",0,1,1,1,0,1,0,0,0,0,0,0,"protected_area"
"448","uuid:1a572c64-da09-4dd1-9ebd-d2c9d63ced16","sri_lanka","matale",15,11,"matale_15_11",80.6772,7.57259,2021,1,"upland","bushland",0,1,1,1,0,0,0,0,0,1,0,0,"perennial_agroforestry"
"449","uuid:4c4e399c-1757-4963-8169-389776706322","sri_lanka","matale",15,13,"matale_15_13",80.6719,7.56807,2021,1,"midslope","woodland",0,1,1,1,0,0,0,0,0,0,0,0,"perennial_agroforestry"
"450","uuid:c5257cc9-bb73-4f5e-93bc-1de79f4e1983","sri_lanka","matale",15,15,"matale_15_15",80.6748,7.57212,2021,1,"midslope","other",0,1,1,1,0,0,0,0,0,0,0,0,"perennial_crop"
"451","uuid:7e074461-e128-4917-b6a3-0da89dc3af58","sri_lanka","matale",16,1,"matale_16_1",80.6688,7.59327,2021,1,"midslope","woodland",0,1,1,1,0,0,0,0,0,0,0,0,"perennial_crop"
"452","uuid:b0a37552-2716-4b21-9edb-0b861b643547","sri_lanka","matale",16,4,"matale_16_4",80.6702,7.58656,2021,0,"bottomland","freshwater_aquatic",0,0,1,1,0,0,0,0,0,0,0,1,"protected_area"
"453","uuid:023e27a2-b5ab-40ea-99b2-f1bc14cd3c34","sri_lanka","matale",16,5,"matale_16_5",80.673,7.59056,2021,1,"upland","woodland",0,1,1,1,0,0,0,0,0,0,0,0,"woodlot"
"454","uuid:eb5b82a6-25de-4a06-a5ba-0aed33ff7eaa","sri_lanka","matale",16,8,"matale_16_8",80.6739,7.59006,2021,1,"midslope","thicket",0,1,1,1,0,0,0,0,0,0,0,0,"perennial_agroforestry"
"455","uuid:dfdcd37f-7efc-47b2-9663-ad9fe91750cc","sri_lanka","matale",16,9,"matale_16_9",80.6726,7.58526,2021,1,"footslope","cropland",0,0,0,0,1,0,0,0,0,0,0,0,"annual_agroforestry"
"456","uuid:4ab6d55d-c800-4417-b57b-bc0edcb1a946","sri_lanka","matale",16,10,"matale_16_10",80.6716,7.59184,2021,1,"midslope","bushland",0,1,1,0,0,0,0,0,0,1,0,0,"perennial_agroforestry"
"457","uuid:8a929e4f-6aae-4dae-a681-61ec9241f006","sri_lanka","matale",16,12,"matale_16_12",80.6688,7.58744,2021,1,"footslope","bushland",0,1,1,1,0,0,0,0,0,1,0,0,"perennial_agroforestry"
"458","uuid:d584737d-4ad1-4520-9c4d-38737f572879","sri_lanka","matale",16,13,"matale_16_13",80.6678,7.58798,2021,1,"footslope","cropland",0,1,0,0,1,0,0,0,0,0,0,0,"annual_crop"
"459","uuid:5ebf0fc9-9233-41f9-9c6f-0391e0888236","sri_lanka","matale",16,14,"matale_16_14",80.6689,7.58784,2021,1,"footslope","cropland",0,0,0,0,1,0,0,0,0,0,0,0,"annual_crop"
"460","uuid:e9ff9791-4280-408d-802a-d3afb5ffba92","sri_lanka","matale",16,15,"matale_16_15",80.673,7.58542,2021,1,"bottomland","freshwater_aquatic",0,0,1,0,0,0,0,0,0,0,0,1,"annual_crop"
